,Unnamed: 0,channel_id,video_id,video_title,published_date,views,likes,comments,duration,title_len,duration_sec
0,0,UC-lHJZR3Gqxm24_Vd_AJ5Yw,_flqrzcGhrE,I survived being Alone In The Dark...,2024-03-15,1043073,82518,2716,0:24:15,37,1455
1,1,UC-lHJZR3Gqxm24_Vd_AJ5Yw,YWrFNoTXbKs,Our Winter Trip!,2024-03-08,1314907,93991,3396,0:23:27,16,1407
2,2,UC-lHJZR3Gqxm24_Vd_AJ5Yw,wycmfVWKWlw,Only 99.9% Can SOLVE this - Brain It On,2023-04-29,2959241,204992,4370,0:14:48,39,888
3,3,UC-lHJZR3Gqxm24_Vd_AJ5Yw,DEgt25yYidY,Gordon Ramsey VS Woman in COMPLETE denial,2023-02-15,4441747,203208,5733,0:24:06,41,1446
4,4,UC-lHJZR3Gqxm24_Vd_AJ5Yw,vDZHCYCd5Bo,My 7 Billion $ Setup Tour,2022-07-01,6624830,353406,11503,0:22:03,25,1323
5,5,UC-lHJZR3Gqxm24_Vd_AJ5Yw,D0-IrQY4ix8,Why Japan?,2022-06-06,5014148,318658,11090,0:25:20,10,1520
6,6,UC-lHJZR3Gqxm24_Vd_AJ5Yw,yNsIh0ciYiI,This show is PEAK Entertainment!,2022-05-23,6376010,332991,9497,0:16:11,32,971
7,7,UC-lHJZR3Gqxm24_Vd_AJ5Yw,F-yEoHL7MYY,I tÃ∂rÃ∂iÃ∂eÃ∂dÃ∂ Ã∂tÃ∂oÃ∂ beat Elden Ring Without Dying..,2022-04-30,11779248,477576,15165,0:53:47,50,3227
8,8,UC-lHJZR3Gqxm24_Vd_AJ5Yw,Ahzrv1TQGHY,Caught in 4K..,2022-04-24,3475744,215404,5235,0:13:14,14,794
9,9,UC-lHJZR3Gqxm24_Vd_AJ5Yw,-fWXLAkHmxA,Hitman VR is Hilariously Bad..,2022-03-29,3857825,213197,6121,0:19:43,30,1183
10,10,UC-lHJZR3Gqxm24_Vd_AJ5Yw,73XDeGdl94w,My Workout (10% Muscle increase),2022-03-18,4069630,238502,10100,0:20:58,32,1258
11,11,UC-lHJZR3Gqxm24_Vd_AJ5Yw,JpnDfDPinPk,This was not what I expected..,2022-03-12,2122192,134018,5577,0:20:41,30,1241
12,12,UC-lHJZR3Gqxm24_Vd_AJ5Yw,PV4NGwn_xdI,Elden Ring #1 - 0 DEATH PLAYTHROUGH,2022-02-24,5199745,192311,4309,0:13:38,35,818
13,13,UC-lHJZR3Gqxm24_Vd_AJ5Yw,kWigaAi0kdE,My 6 Billion $ Setup Tour,2022-02-08,10465188,644208,18780,0:21:43,25,1303
14,14,UC-lHJZR3Gqxm24_Vd_AJ5Yw,LsWwhmy8wf0,My Minecraft House Tour - Minecraft Hardcore #24,2021-12-30,4644836,273691,10657,0:18:21,48,1101
15,15,UC-lHJZR3Gqxm24_Vd_AJ5Yw,D0fte0DEOHs,Spiderman fans please explain yourselves..  #97[REDDIT REVIEW] /r/blursedimages,2021-12-26,3053152,211193,4671,0:10:30,79,630
16,16,UC-lHJZR3Gqxm24_Vd_AJ5Yw,nDZZPF9_zwU,Next Gen Graphics Is Kinda Nuts..,2021-12-22,3542731,204635,6265,0:11:27,33,687
17,17,UC-lHJZR3Gqxm24_Vd_AJ5Yw,Iq8UqxCaeQY,I Fell Into The New Minecraft Lush Cave! - Minecraft Hardcore #22,2021-12-14,4232009,260830,7090,0:16:56,65,1016
18,18,UC-lHJZR3Gqxm24_Vd_AJ5Yw,Ku1ykhGP764,Youtube copyright seriously pisses me off.. üì∞PEW NEWS üì∞,2021-12-09,3071617,306630,11442,0:08:52,55,532
19,19,UC-lHJZR3Gqxm24_Vd_AJ5Yw,hpD_4nWEFaA,THIS... Is How You're Supposed To Eat A Pizza..,2021-11-30,3250650,221434,12852,0:20:10,47,1210
20,20,UC-lHJZR3Gqxm24_Vd_AJ5Yw,sA2bR0BRfVY,Mr Beast Squid Game Review,2021-11-26,8228543,585412,13381,0:19:07,26,1147
21,21,UC-lHJZR3Gqxm24_Vd_AJ5Yw,uGrdwFhaBzM,People Still Believe This????????,2021-11-24,2500769,180333,6392,0:13:14,33,794
22,22,UC-lHJZR3Gqxm24_Vd_AJ5Yw,CF3jK8ai0l4,New GTA Definitive Edition is hilariously bad,2021-11-19,4055670,282785,9061,0:09:30,45,570
23,23,UC-lHJZR3Gqxm24_Vd_AJ5Yw,kqtCekkWmig,Ive considered steroids - Jubilee React #22,2021-11-17,3201935,193955,8592,0:18:44,43,1124
24,24,UC-lHJZR3Gqxm24_Vd_AJ5Yw,Z-JkdGYAHl4,YouTube Removed The Dislike Button.. üì∞PEW NEWS üì∞,2021-11-11,5233826,534717,39849,0:09:19,48,559
25,25,UC-lHJZR3Gqxm24_Vd_AJ5Yw,APAp8Tgzcf8,Travis Scott Apology Review üì∞PEW NEWS üì∞,2021-11-09,7413926,620992,24802,0:08:22,39,502
26,26,UC-lHJZR3Gqxm24_Vd_AJ5Yw,EuEe3WKpbCo,7 Reasons Why Sinks Are Bad.,2021-11-08,2268023,257682,15948,0:08:01,28,481
27,27,UC-lHJZR3Gqxm24_Vd_AJ5Yw,zBO12dt7tHk,Jacksepticeye Slapped Me,2021-11-04,2909859,264242,7465,0:10:02,24,602
28,28,UC-lHJZR3Gqxm24_Vd_AJ5Yw,1jNhkC4-rYk,Guy Takes The Fattest L - Jubilee React #21,2021-11-02,4025797,217122,7529,0:13:17,43,797
29,29,UC-lHJZR3Gqxm24_Vd_AJ5Yw,5ZB4_-NPojk,Why I Gave Away My 100Mil Award.. LWIAY #00169,2021-10-25,3206249,246573,10682,0:13:27,46,807
30,30,UC-lHJZR3Gqxm24_Vd_AJ5Yw,TvSyE6XGAeQ,I Followed A Forbidden Recipe..,2021-10-21,3526274,276176,15232,0:11:30,31,690
31,31,UC-lHJZR3Gqxm24_Vd_AJ5Yw,s8HRA--2oBI,I Met PewDiePie in YouTubers Life 2,2021-10-15,2863819,200404,5170,0:20:35,35,1235
32,32,UC-lHJZR3Gqxm24_Vd_AJ5Yw,GR--y1q7wbs,What a MILLION Dollars Gets You Around the World?,2021-09-28,5650833,257843,11809,0:31:15,49,1875
33,33,UC-lHJZR3Gqxm24_Vd_AJ5Yw,RvcULPVLBpA,Trying to Explain Parallel Universes With My Last 2 Remaining IQ,2021-09-07,2093963,174036,13591,0:32:45,64,1965
34,34,UC-lHJZR3Gqxm24_Vd_AJ5Yw,bWHmYGw7qAc,Family Guy Called Me Out... LWIAY #00170,2021-08-30,6310247,379236,11965,0:13:05,40,785
35,35,UC-lHJZR3Gqxm24_Vd_AJ5Yw,gvjXMXx8ok4,Checking out Naraka,2021-08-15,1831788,55067,1233,2:48:54,19,10134
36,36,UC-lHJZR3Gqxm24_Vd_AJ5Yw,666G9lbzIHk,How Fish Is Made (HowItsMade #2),2021-08-03,5169837,319659,18086,0:13:53,32,833
37,37,UC-lHJZR3Gqxm24_Vd_AJ5Yw,fRG2VIBWvN0,Kids Describe Colour To A Blind Person,2021-07-31,3140459,231402,10468,0:16:43,38,1003
38,38,UC-lHJZR3Gqxm24_Vd_AJ5Yw,zBTO5HeHGYc,Top 10 Streamers Caught Cheating,2021-07-15,6929902,457921,21246,0:11:59,32,719
39,39,UC-lHJZR3Gqxm24_Vd_AJ5Yw,pTcjuMm7yOw,BTS stan changes race to Korean..,2021-07-02,5421231,445385,47453,0:12:44,33,764
40,40,UC-lHJZR3Gqxm24_Vd_AJ5Yw,8GU3jWgz3m4,NEVER Bring Your Minecraft Axolotl to the Nether....... - Minecraft Hardcore #20,2021-06-19,6078792,372752,13059,0:24:10,80,1450
41,41,UC-lHJZR3Gqxm24_Vd_AJ5Yw,eBUubfkc7kg,Strangers Rank Their Intelligence Is KARMA - Jubilee React #18,2021-06-04,9239041,604392,38739,0:21:21,62,1281
42,42,UC-lHJZR3Gqxm24_Vd_AJ5Yw,uVNautEM2Ug,Biomutant - New Game LIVE,2021-05-16,6455815,114249,2931,3:55:18,25,14118
43,43,UC-lHJZR3Gqxm24_Vd_AJ5Yw,KvayJaRMsx4,Shy Kid Gets Humiliated At School Ft. PewDiePie | Jacksepticeye  -  LWIAY #00159,2021-04-29,3751818,306055,11232,0:13:00,80,780
44,44,UC-lHJZR3Gqxm24_Vd_AJ5Yw,HORIiz_9Q4M,How much does Pewdiepie Make,2021-04-07,5641027,499778,24056,0:11:53,28,713
45,45,UC-lHJZR3Gqxm24_Vd_AJ5Yw,0iyIdto1Whg,Cringe Compilations Needs to be STOPPED /r/Cringe  #87[REDDIT REVIEW],2021-04-02,7214548,410424,16331,0:21:52,69,1312
46,46,UC-lHJZR3Gqxm24_Vd_AJ5Yw,Oh1erg3YrHM,Seniors Needs to be STOPPED!,2021-03-31,7677705,331170,19631,0:37:08,28,2228
47,47,UC-lHJZR3Gqxm24_Vd_AJ5Yw,C24s3SA0IHE,The Biggest Liar Cheapstake! - TLC #16,2021-03-05,5097804,310382,14003,0:11:09,38,669
48,48,UC-lHJZR3Gqxm24_Vd_AJ5Yw,tzgB8n0gf7A,Mr Beast... I am SO SORRY! - LWIAY #00152,2021-03-02,7176478,537894,20258,0:14:44,41,884
49,49,UC-lHJZR3Gqxm24_Vd_AJ5Yw,y9Z0q4HsbW0,Stardew Valley - Part 1 - Cope Stream,2021-02-21,5010994,155711,5166,5:33:26,37,20006
50,50,UC-lHJZR3Gqxm24_Vd_AJ5Yw,FWPWrz7pIz4,I Love Kids -  - LWIAY #00151,2021-02-17,6760131,588766,31430,0:12:49,29,769
51,51,UC-lHJZR3Gqxm24_Vd_AJ5Yw,YY8fa9ymFwM,My Face Reveal 2.0 - LWIAY #00149,2021-02-02,4735903,418577,33242,0:11:43,33,703
52,52,UC-lHJZR3Gqxm24_Vd_AJ5Yw,zvpVRTobCC0,Reacting to Winning Most Handsome Face 2020,2020-12-29,8609148,676711,20800,0:18:29,43,1109
53,53,UC-lHJZR3Gqxm24_Vd_AJ5Yw,iROAUHfCrnU,Cyberpunk - pART 5,2020-12-17,1968781,50075,2355,2:52:22,18,10342
54,54,UC-lHJZR3Gqxm24_Vd_AJ5Yw,jAhfePpDMjo,I actually hate this - Minecraft Hardcore #5,2020-12-17,6114183,379635,17970,0:24:14,44,1454
55,55,UC-lHJZR3Gqxm24_Vd_AJ5Yw,OuvfUfobOCg,I'm Quitting Minecraft Forever..  - Minecraft Hardcore #4,2020-12-15,7065293,444591,19532,0:26:23,57,1583
56,56,UC-lHJZR3Gqxm24_Vd_AJ5Yw,9TfbfS7dbKc,I Made a Huge Mistake in the Nether - Minecraft Hardcore #3,2020-12-11,6089163,370370,16621,0:22:45,59,1365
57,57,UC-lHJZR3Gqxm24_Vd_AJ5Yw,QNNNnvWOirE,Never Dig Straight Down... Minecraft Hardcore #2,2020-12-09,7578817,460040,21304,0:21:55,48,1315
58,58,UC-lHJZR3Gqxm24_Vd_AJ5Yw,jLuMFyAL61Q,Minecraft But I regret Everything.. - Minecraft Hardcore #1,2020-12-07,10870495,703788,33215,0:21:23,59,1283
59,59,UC-lHJZR3Gqxm24_Vd_AJ5Yw,9NEhkqbRM9Y,Ranking Guys Based on Apperance -  Jubilee React #16,2020-12-01,6931820,476733,25257,0:16:58,52,1018
60,60,UC-lHJZR3Gqxm24_Vd_AJ5Yw,d4A9cwhWWXY,Going Through My OLD Instagram (+ announcement),2020-11-18,4710458,398976,18677,0:21:18,47,1278
61,61,UC-lHJZR3Gqxm24_Vd_AJ5Yw,e0HbhMehcNA,Ranking Girls by Appearance - Jubilee React #15,2020-11-13,8498091,555247,39766,0:16:32,47,992
62,62,UC-lHJZR3Gqxm24_Vd_AJ5Yw,bdtWVQ-P_7U,What do I regret with my YouTube career? / QnA,2020-11-12,3294563,305456,18709,0:18:07,46,1087
63,63,UC-lHJZR3Gqxm24_Vd_AJ5Yw,aCRUFW8R74s,This is absolutely NOT Funny - LWIAY #00141,2020-11-09,5769506,433167,21929,0:19:37,43,1177
64,64,UC-lHJZR3Gqxm24_Vd_AJ5Yw,nDy5xcX21A8,The Ultimate Among Us Impostor Duo - Among Us #10,2020-10-30,9236085,534372,17992,0:16:30,49,990
65,65,UC-lHJZR3Gqxm24_Vd_AJ5Yw,HVQTldBaMv4,KSI Challenged Me (response).. - LWIAY #00137,2020-10-11,7298736,637185,23681,0:17:56,45,1076
66,66,UC-lHJZR3Gqxm24_Vd_AJ5Yw,__So8JEIfxA,Reacting to Our Child... - LWIAY #00134,2020-09-13,7492061,685062,20412,0:18:56,39,1136
67,67,UC-lHJZR3Gqxm24_Vd_AJ5Yw,TXzLgLhgMhQ,I Spent $500 on Magic to Amaze my Wife,2020-09-10,7277706,521664,30275,0:14:45,38,885
68,68,UC-lHJZR3Gqxm24_Vd_AJ5Yw,Na8vHaCLwKc,Among us / I Lie to YouTubers.. // #1,2020-09-09,15353192,808524,31186,0:23:29,37,1409
69,69,UC-lHJZR3Gqxm24_Vd_AJ5Yw,MhNQm2-Yhoo,No. More. Simping.. üõëüõëüõë - LWIAY #00133,2020-09-06,6677632,508168,22473,0:18:19,38,1099
70,70,UC-lHJZR3Gqxm24_Vd_AJ5Yw,wLdOUR_H8gw,Reacting To My Deepfakes..,2020-08-27,5543569,399037,15022,0:12:09,26,729
71,71,UC-lHJZR3Gqxm24_Vd_AJ5Yw,ep-01Jl-c-E,Flying Into My House in Flight Simulator 2020,2020-08-26,6412624,377629,22515,0:29:24,45,1764
72,72,UC-lHJZR3Gqxm24_Vd_AJ5Yw,9EDtbxGxqsg,HmMmMmMmMmMmMmMmMmMHmMmMmMmMmMmMmMmMmMmMmMmMmMmMm #76[REDDIT REVIEW],2020-08-18,5608263,495555,25663,0:10:19,68,619
73,73,UC-lHJZR3Gqxm24_Vd_AJ5Yw,pN6ksB3-QJ8,$20 Vs $700 Drink Test.. (epic fail cringe),2020-08-14,5004524,461708,25445,0:17:59,43,1079
74,74,UC-lHJZR3Gqxm24_Vd_AJ5Yw,_weuzXU-gWY,Couple Coach React to Pewdiepie & Marzia,2020-07-27,6141390,441097,42992,0:15:44,40,944
75,75,UC-lHJZR3Gqxm24_Vd_AJ5Yw,Jmr0uCTKi9o,Belle Delphine must be stopped... LWIAY #00127,2020-07-26,12331968,858211,35410,0:16:50,46,1010
76,76,UC-lHJZR3Gqxm24_Vd_AJ5Yw,FXTgITg-UAM,Reacting to Sushant Singh Rajput,2020-07-23,14231565,1465858,80635,0:23:53,32,1433
77,77,UC-lHJZR3Gqxm24_Vd_AJ5Yw,Hm2I7KghX_A,Reviewing Your Godlike Minecraft Creations!,2020-07-14,6711138,389513,27681,0:19:03,43,1143
78,78,UC-lHJZR3Gqxm24_Vd_AJ5Yw,bAlc6UEm7_M,Making A Hot Dog From My Old Job - Cooking With Pewdiepie #2,2020-07-08,8106574,609229,52224,0:16:52,60,1012
79,79,UC-lHJZR3Gqxm24_Vd_AJ5Yw,vq8pDx78jzw,Human Benchmark TEST Is INSANE!,2020-07-07,5558336,377470,24534,0:17:47,31,1067
80,80,UC-lHJZR3Gqxm24_Vd_AJ5Yw,UTf6zaE1kng,Why is Dad Winning?  [MEME REVIEW] üëè üëè#81,2020-07-06,5796001,405176,24206,0:15:03,41,903
81,81,UC-lHJZR3Gqxm24_Vd_AJ5Yw,xWltikCALgU,Swedish Pancakes Is The ONLY WAY TO MAKE PANCAKES! - CWPDP #1,2020-06-30,7579546,622294,69827,0:14:52,61,892
82,82,UC-lHJZR3Gqxm24_Vd_AJ5Yw,KDCCfyhurXY,The Last of Us 2 - Why Are We Still Here? Just To Suffer... - Part 7,2020-06-26,5682071,127155,6606,3:20:23,68,12023
83,83,UC-lHJZR3Gqxm24_Vd_AJ5Yw,o1Lq5UQkuY4,The Last of Us 2 - 10 Hour Abby Speedrun - Part 6,2020-06-25,6421487,161861,9714,3:15:39,49,11739
84,84,UC-lHJZR3Gqxm24_Vd_AJ5Yw,qHPjiduaSEo,Rating Guys From 0 - 11,2020-06-23,9129890,651907,28389,0:14:22,23,862
85,85,UC-lHJZR3Gqxm24_Vd_AJ5Yw,Gwmp_-EP75Q,The Last of Us 2 - We Finally Get Vengeance!? - Part 5,2020-06-22,6365496,165288,16625,4:31:06,54,16266
86,86,UC-lHJZR3Gqxm24_Vd_AJ5Yw,kziZezg0s0Y,Reacting To KSI Reacting To My Reddit - LWIAY #00123,2020-06-21,8341589,606886,25497,0:20:30,52,1230
87,87,UC-lHJZR3Gqxm24_Vd_AJ5Yw,fuPknhfvMAI,The Last of Us 2 -Not Sure What To Feel Anymore Edition - Part 3,2020-06-20,7038435,193588,13758,4:16:43,64,15403
88,88,UC-lHJZR3Gqxm24_Vd_AJ5Yw,MMJw0wE2y7c,The Last of Us 2 -WHAT JUST HAPPENED??????????!!! - Part 2,2020-06-19,8316576,253468,27048,2:14:27,58,8067
89,89,UC-lHJZR3Gqxm24_Vd_AJ5Yw,M4gJm8fHOvw,The Last Of Us 2 - Part 1 - IT'S FINALLY HERE!,2020-06-19,8116560,343903,26854,0:55:34,46,3334
90,90,UC-lHJZR3Gqxm24_Vd_AJ5Yw,8l_ZdLrNbzQ,Woman Want 1 Million Dollars From Her New Husband - TLC #5,2020-06-09,14825642,693416,48852,0:21:16,58,1276
91,91,UC-lHJZR3Gqxm24_Vd_AJ5Yw,_OakD7JziJo,1 Girl Vs 10 Guys with An EPIC Plottwist,2020-06-08,7852092,557530,30631,0:19:04,40,1144
92,92,UC-lHJZR3Gqxm24_Vd_AJ5Yw,3-8E1ThMF2c,NEW MINECRAFT GAME | Minecraft Dungeons,2020-05-27,4938528,279925,12960,0:19:42,39,1182
93,93,UC-lHJZR3Gqxm24_Vd_AJ5Yw,L4q6aK9Zous,I'm Rank #1 in Warface: Breakout!,2020-05-26,3292191,214347,16242,0:15:32,33,932
94,94,UC-lHJZR3Gqxm24_Vd_AJ5Yw,5UgEXod2RSY,Bye Bye Minecraft  - Part 49,2020-05-22,9795491,702263,47460,0:20:48,28,1248
95,95,UC-lHJZR3Gqxm24_Vd_AJ5Yw,dHX4V1_LGnQ,"I Did The Job Boss, I Did The Job Boss, I Did The Job Boss, I Did #67 [REDDIT REVIEW]",2020-05-19,11018009,551384,17341,0:15:16,85,916
96,96,UC-lHJZR3Gqxm24_Vd_AJ5Yw,5UvWbvRpdY8,Big Ed And His 90 Day Wife BROKE UP?!  Ed & Rose - Part 2,2020-05-14,12600011,732356,46304,0:19:38,57,1178
97,97,UC-lHJZR3Gqxm24_Vd_AJ5Yw,OiPlipRQkM4,WarThunder - I Joined The Swedish AirForce,2020-05-09,5704824,337914,26244,0:14:01,42,841
98,98,UC-lHJZR3Gqxm24_Vd_AJ5Yw,wFFS34vcAA0,Minecraft with RTX Looks UNREAL! - Part 47,2020-05-08,7959407,487190,25537,0:19:02,42,1142
99,99,UC-lHJZR3Gqxm24_Vd_AJ5Yw,oNu2nTAduDA,I Trapped Someone in Minecraft for 100 Days.. and this Happened  - Part 46,2020-05-01,8691729,506397,27350,0:18:55,74,1135
100,100,UC-lHJZR3Gqxm24_Vd_AJ5Yw,oNu2nTAduDA,I Trapped Someone in Minecraft for 100 Days.. and this Happened  - Part 46,2020-05-01,8691729,506397,27350,0:18:55,74,1135
101,101,UC-lHJZR3Gqxm24_Vd_AJ5Yw,GB2gnayGlkI,Man Puts Mayo in His Hair....... Ed & Rose - Part 1,2020-04-24,16059648,1005347,74679,0:22:04,51,1324
102,102,UC-lHJZR3Gqxm24_Vd_AJ5Yw,N_8PCKLjJJ4,I Found Infinite GOLD Source in Minecraft - Part 45,2020-04-23,12716881,604112,36728,0:22:35,51,1355
103,103,UC-lHJZR3Gqxm24_Vd_AJ5Yw,eoqR4L5B27M,Koreans React To Pewdiepie,2020-04-22,7525764,678128,29475,0:15:34,26,934
104,104,UC-lHJZR3Gqxm24_Vd_AJ5Yw,INuJXrUQJB0,Do All Millionaires Think The Same? - Jubilee React - 8,2020-04-21,8303068,586574,40355,0:19:44,55,1184
105,105,UC-lHJZR3Gqxm24_Vd_AJ5Yw,yyU9leR9KIU,I Found The Minecraft Bastion!! - Part 44,2020-04-16,9361571,550233,32306,0:25:01,41,1501
106,106,UC-lHJZR3Gqxm24_Vd_AJ5Yw,O54tcW4eupI,Animal Crossing with Marzia,2020-04-15,9852766,855547,41569,0:20:00,27,1200
107,107,UC-lHJZR3Gqxm24_Vd_AJ5Yw,vmCv-5iEjsY,YuGiOh is THE GREATEST Anime of All Time.,2020-04-09,6310179,448870,42266,0:17:52,41,1072
108,108,UC-lHJZR3Gqxm24_Vd_AJ5Yw,-Wd509Itgno,When Anime Meets English **YLYL**  - YLYL #0070,2020-04-08,7776795,501334,29581,0:12:37,47,757
109,109,UC-lHJZR3Gqxm24_Vd_AJ5Yw,DofeZTYjPLg,DO NOT Ride The New Minecraft Mount! - Part 43,2020-04-06,8236065,427118,31763,0:21:47,46,1307
110,110,UC-lHJZR3Gqxm24_Vd_AJ5Yw,G8YEpH6HtsU,16 Waman COMPETE for 6 Guys (insane reaction) - Jubilee React #5,2020-04-01,8361368,576572,24619,0:13:26,64,806
111,111,UC-lHJZR3Gqxm24_Vd_AJ5Yw,JbBda7Ow-pE,Never Go This Deep Down.... - Subnautica - Part 6,2020-03-30,5618348,313490,25287,0:23:39,49,1419
112,112,UC-lHJZR3Gqxm24_Vd_AJ5Yw,LroxS0COulo,Idubbbz Content Cop,2020-03-29,9741138,657963,42007,0:15:23,19,923
113,113,UC-lHJZR3Gqxm24_Vd_AJ5Yw,JpH3Do3xW6k,Stop Harrasing Me! - LWIAY #00112,2020-03-28,6688542,545752,22636,0:16:31,33,991
114,114,UC-lHJZR3Gqxm24_Vd_AJ5Yw,aOXAtnb-grk,I Found The New Biome in Minecraft! (Nether Update) - Part 41,2020-03-25,9038421,499872,26372,0:19:28,61,1168
115,115,UC-lHJZR3Gqxm24_Vd_AJ5Yw,HqUuwkzx6QA,My NEW House *101% real*  - Subnautica - Part 3,2020-03-24,6622284,341684,24947,0:30:35,47,1835
116,116,UC-lHJZR3Gqxm24_Vd_AJ5Yw,n2sGrYEM8Ec,15 Men vs 5 Women is Cringe - Jubilee React #4,2020-03-24,11765536,717005,46320,0:22:06,46,1326
117,117,UC-lHJZR3Gqxm24_Vd_AJ5Yw,yi7KGA_i2r8,Half Life Alyx (3) is OUT & it's AMAZING! - Full Playthough,2020-03-23,7008621,363556,26316,0:52:56,59,3176
118,118,UC-lHJZR3Gqxm24_Vd_AJ5Yw,fq_rzA3RAmY,Worst TIMING I've EVER HAD in a videogame....... - Subnautica - Part 2,2020-03-20,6945749,488575,30576,0:27:14,70,1634
119,119,UC-lHJZR3Gqxm24_Vd_AJ5Yw,eh6dNp5mkVU,Am I Introverted or Extroverted?! - Jubilee React #3,2020-03-17,7748176,450039,31027,0:20:10,52,1210
120,120,UC-lHJZR3Gqxm24_Vd_AJ5Yw,WS54qL3GeaI,Subnautica Part 1 (OMG GAME),2020-03-15,8665321,572886,38689,0:17:26,28,1046
121,121,UC-lHJZR3Gqxm24_Vd_AJ5Yw,8HHZiNdrZGA,I Made The WORST Minecraft MISTAKE There Is. .. - Part 40,2020-03-13,10666280,542732,31747,0:16:27,57,987
122,122,UC-lHJZR3Gqxm24_Vd_AJ5Yw,kzMyW9TCXp0,The Most OFFENSIVE Subreddit (thick skin only) #62 [REDDIT REVIEW],2020-03-10,9034413,480701,20833,0:13:49,66,829
123,123,UC-lHJZR3Gqxm24_Vd_AJ5Yw,1B1f9PGLbIs,I'm Back in Minecraft! - Part 39,2020-03-06,15793709,914671,81782,0:18:58,32,1138
124,124,UC-lHJZR3Gqxm24_Vd_AJ5Yw,A1iqCa0Qv1c,Dreams - The most UNIQUE game I've EVER PLAYED!,2020-02-25,9378253,561492,22333,0:13:20,47,800
125,125,UC-lHJZR3Gqxm24_Vd_AJ5Yw,F3Xm8c1gtRA,Do all GAMERS THINK the Same? - Jubilee React #1,2020-02-24,10403771,645045,33726,0:15:48,48,948
126,126,UC-lHJZR3Gqxm24_Vd_AJ5Yw,Wv1E7AmzUqI,He payed $150 000 to look like BTS JIMIN,2020-01-11,13318126,770326,12362,0:17:19,40,1039
127,127,UC-lHJZR3Gqxm24_Vd_AJ5Yw,pz0hWlevaJ8,5/5 Rated Pewdiepie Fan Game,2020-01-10,4960736,260982,8446,0:18:47,28,1127
128,128,UC-lHJZR3Gqxm24_Vd_AJ5Yw,HcOw8mxVdvQ,Designs that will make you MAD! #60 [REDDIT REVIEW],2020-01-09,13515640,605973,20807,0:18:44,51,1124
129,129,UC-lHJZR3Gqxm24_Vd_AJ5Yw,olx4XJybNhM,I FAILED the EASIEST Test,2020-01-05,11189583,564473,19074,0:14:24,25,864
130,130,UC-lHJZR3Gqxm24_Vd_AJ5Yw,ZddvddGEQg0,Ace of Seafood - The rise of the Anthropods,2020-01-03,3929857,206200,12213,0:10:19,43,619
131,131,UC-lHJZR3Gqxm24_Vd_AJ5Yw,J5P-7qGkomk,Pigeon Simulator,2019-12-26,3655086,207268,16048,0:11:28,16,688
132,132,UC-lHJZR3Gqxm24_Vd_AJ5Yw,Sk6_yurXCJg,Jump King - i HATE this game,2019-12-24,4520009,275131,23179,0:14:41,28,881
133,133,UC-lHJZR3Gqxm24_Vd_AJ5Yw,LP0MSIfrhHg,World of Tanks - Sweden FINALLY invades the WORLD!,2019-12-18,4600741,294198,19247,0:09:52,50,592
134,134,UC-lHJZR3Gqxm24_Vd_AJ5Yw,Ss2d_kngzHo,My game was banned... - Poopdie,2019-12-12,4808782,254993,16908,0:19:43,31,1183
135,135,UC-lHJZR3Gqxm24_Vd_AJ5Yw,j091EzG2b8s,YouTube Rewind 2019 failed and its my fault!,2019-12-11,14151236,1266203,47029,0:14:45,44,885
136,136,UC-lHJZR3Gqxm24_Vd_AJ5Yw,T2lYBUyslKk,Minecraft Disaster Happened. *almost quit* - Part 38,2019-12-08,8519133,369230,23475,0:15:09,52,909
137,137,UC-lHJZR3Gqxm24_Vd_AJ5Yw,OvpG-3H8t9M,I made an AC-130 Bomber for my Minecraft dog.,2019-12-06,6209975,413488,23193,0:16:13,45,973
138,138,UC-lHJZR3Gqxm24_Vd_AJ5Yw,tshdPNADOm4,I Am Fish,2019-12-04,5474289,304404,16281,0:21:24,9,1284
139,139,UC-lHJZR3Gqxm24_Vd_AJ5Yw,eJEMzUd3Tns,I Should Have Listened.... - Terraria - Part 3,2019-12-01,8312109,409751,23171,0:26:45,46,1605
140,140,UC-lHJZR3Gqxm24_Vd_AJ5Yw,ZzjGNTd76Jg,I take on the STRONGEST Mob in Minecraft,2019-11-30,6199166,297414,15353,0:19:20,40,1160
141,141,UC-lHJZR3Gqxm24_Vd_AJ5Yw,yB4Q3ezW9fM,I summoned a forbidden Minecraft Boss - Part 37,2019-11-29,7767069,390866,20535,0:15:53,47,953
142,142,UC-lHJZR3Gqxm24_Vd_AJ5Yw,os_r9wAb8Cc,Terraria - Part 2 - I LOVE this Game!!,2019-11-28,8564968,433545,31826,0:26:12,38,1572
143,143,UC-lHJZR3Gqxm24_Vd_AJ5Yw,zLfYD2OOtsc,Terraria - Part 1- The most REQUESTED game Ive EVER GOTTEN!,2019-11-26,12597387,748855,68315,0:27:48,59,1668
144,144,UC-lHJZR3Gqxm24_Vd_AJ5Yw,xejFV2JCmSM,I Built A Cake Ladder in Minecraft to prove god is real - Part 36,2019-11-19,7414881,483646,33154,0:13:18,65,798
145,145,UC-lHJZR3Gqxm24_Vd_AJ5Yw,VA6SK6gcGn8,I DESTROY people at MY OWN Game,2019-11-17,3659483,213081,14777,0:14:30,31,870
146,146,UC-lHJZR3Gqxm24_Vd_AJ5Yw,G5JBZk-DiQU,I made a GIANT Robot Dog for My Minecraft Dog,2019-11-16,3884653,272136,16672,0:15:40,45,940
147,147,UC-lHJZR3Gqxm24_Vd_AJ5Yw,JqvdAuuXVyA,I build a Giant Flying Meatball in Minecraft,2019-11-12,5417897,377332,17685,0:14:36,44,876
148,148,UC-lHJZR3Gqxm24_Vd_AJ5Yw,mOwX1ZNY2Jc,Minecraft mobs I could beat in a fightüí™ü§¥,2019-11-08,6403502,357890,22674,0:16:35,40,995
149,149,UC-lHJZR3Gqxm24_Vd_AJ5Yw,F5QWUOAcg_Q,The BROFIST is declared a HATE SYMBOL! (this is bad),2019-11-07,6447651,597033,50499,0:09:52,52,592
150,150,UC-lHJZR3Gqxm24_Vd_AJ5Yw,E0asAgpHvaI,This video is Mildly Infuriating.. /r/mildlyinfuriating #47 [REDDIT REVIEW],2019-10-17,12380633,466537,25225,0:22:47,75,1367
151,151,UC-lHJZR3Gqxm24_Vd_AJ5Yw,2K4_dNwyc5o,Nah. - RL Minecraft - 2,2019-10-14,6794443,309507,19427,0:26:56,23,1616
152,152,UC-lHJZR3Gqxm24_Vd_AJ5Yw,HKNj9CSzKxA,How to make a Minecraft Creeper NEVER EXPLODE again. (Tutorial) Minecraft - Part 35,2019-10-13,8505807,414900,37637,0:20:59,83,1259
153,153,UC-lHJZR3Gqxm24_Vd_AJ5Yw,uN-TvWzeEvA,Rip Ohio /r/softwaregore #48 [REDDIT REVIEW],2019-10-06,11961638,537073,74917,0:19:37,44,1177
154,154,UC-lHJZR3Gqxm24_Vd_AJ5Yw,q2cbCsy9gRk,Untitled Goose Game. is epic,2019-09-26,11160782,378182,19394,1:19:36,28,4776
155,155,UC-lHJZR3Gqxm24_Vd_AJ5Yw,2D2vWXt1uII,This building will change Minecraft FOREVER  Minecraft - Part 34,2019-09-22,12570665,692973,53466,0:18:51,64,1131
156,156,UC-lHJZR3Gqxm24_Vd_AJ5Yw,V-4sLymIv0M,I played Minecraft Hardcore for 12 Hours (bad things happened),2019-09-18,19005073,809834,65919,12:02:49,62,43369
157,157,UC-lHJZR3Gqxm24_Vd_AJ5Yw,PDvNrq93ktI,What does 10 000 BELLS in Minecraft sound like? - Part 33,2019-09-14,14350125,758967,64250,0:18:30,57,1110
158,158,UC-lHJZR3Gqxm24_Vd_AJ5Yw,Wm-HtcQ48_I,Minecraft just became 10x better! - Part 32,2019-09-09,16107013,813375,75116,0:19:35,43,1175
159,159,UC-lHJZR3Gqxm24_Vd_AJ5Yw,dxLU8sFSqGE,This Game Looks UNREAL (World Exclusive) Man of Medan Part 1,2019-08-27,14212950,761496,55148,0:58:01,60,3481
160,160,UC-lHJZR3Gqxm24_Vd_AJ5Yw,YVxaK8WQhJo,I challenge the Ender Dragon in Minecraft (Ending) - Part 30,2019-08-25,21971795,1750143,161861,0:20:56,60,1256
161,161,UC-lHJZR3Gqxm24_Vd_AJ5Yw,7PIMiDcwNvc,Marzia & Felix - Wedding 19.08.2019,2019-08-24,41041463,5523561,508979,0:06:22,35,382
162,162,UC-lHJZR3Gqxm24_Vd_AJ5Yw,GYpOapkr5MA,Married in Minecraft Epicly - Part 29,2019-08-22,23838618,1542544,109316,0:28:46,37,1726
163,163,UC-lHJZR3Gqxm24_Vd_AJ5Yw,yncoNo7tr2s,We finally play Minecraft! - Minecraft with Marzia - Part 1,2019-08-20,23560048,1530354,119939,0:26:23,59,1583
164,164,UC-lHJZR3Gqxm24_Vd_AJ5Yw,h7n-wXauzPU,The UNTHINKABLE happened in Minecraft - Part 28,2019-08-14,23143479,1179103,93472,0:26:50,47,1610
165,165,UC-lHJZR3Gqxm24_Vd_AJ5Yw,Kbl3b_mmyXE,I tame a Fox in Minecraft (very cute) - Part 27,2019-08-11,23054282,1157339,122466,0:29:22,47,1762
166,166,UC-lHJZR3Gqxm24_Vd_AJ5Yw,KDZ9BrrjTV0,We found a Water Sheep in Minecraft! Minecraft w/ Jacksepticeye - Part 2,2019-08-06,13218810,572241,31788,0:30:23,72,1823
167,167,UC-lHJZR3Gqxm24_Vd_AJ5Yw,lyG942-zMmg,I've made a HUGE mistake in Minecraft - Part 20,2019-07-27,18260152,963771,99688,0:22:44,47,1364
168,168,UC-lHJZR3Gqxm24_Vd_AJ5Yw,l0hait9qXOE,Goodbye my Minecraft horse.. - Part 19,2019-07-24,19405944,934328,126030,0:22:25,38,1345
169,169,UC-lHJZR3Gqxm24_Vd_AJ5Yw,y58011M73cQ,Jack Black BURNED down my Minecraft House!!,2019-07-23,17704279,898515,57543,0:29:03,43,1743
170,170,UC-lHJZR3Gqxm24_Vd_AJ5Yw,3Ag0BzLkaD4,I found the END of Minecraft! - Part 18,2019-07-22,22611378,1229209,84767,0:27:03,39,1623
171,171,UC-lHJZR3Gqxm24_Vd_AJ5Yw,dJg1ptpqN2g,I found an Ikea Bird in Minecraft! - Part 17,2019-07-20,19251091,984055,106227,0:29:54,44,1794
172,172,UC-lHJZR3Gqxm24_Vd_AJ5Yw,RJ2XlUga7Mc,I built a GIANT MEATBALL in Minecraft (emotional) - Part 16,2019-07-18,19204194,978451,79197,0:18:37,59,1117
173,173,UC-lHJZR3Gqxm24_Vd_AJ5Yw,s-Us4JlPdF8,Minecraft Hunger Games w/ James Charles,2019-07-17,14520301,929372,80284,0:22:54,39,1374
174,174,UC-lHJZR3Gqxm24_Vd_AJ5Yw,EtlL3Hfavus,Raiding a Woodland Mansion in Minecraft - Part 15,2019-07-16,23186315,1122044,112048,0:28:57,49,1737
175,175,UC-lHJZR3Gqxm24_Vd_AJ5Yw,XozZYCqNo8Q,Minecraft Skyblock #1,2019-07-14,21830695,1333162,76723,0:24:44,21,1484
176,176,UC-lHJZR3Gqxm24_Vd_AJ5Yw,yzJokj2gelY,DONT Name Change your Horse in Minecraft to this... - Part 13,2019-07-12,21489527,1136734,94944,0:28:26,61,1706
177,177,UC-lHJZR3Gqxm24_Vd_AJ5Yw,p-DPZ6M6-7E,I FOUND an OCEAN TEMPLE in Minecraft! (epic) - Part 11,2019-07-09,23850138,1728348,96491,0:31:17,54,1877
178,178,UC-lHJZR3Gqxm24_Vd_AJ5Yw,-Anyq7-N0zY,Saving my Minecraft Dog At ALL COSTS! - Part 10,2019-07-08,19646275,1056082,90723,0:21:00,47,1260
179,179,UC-lHJZR3Gqxm24_Vd_AJ5Yw,wHQKij7tATE,I got RAIDED in Minecraft!!! - Part 8,2019-07-03,30407870,2689876,138482,0:33:12,37,1992
180,180,UC-lHJZR3Gqxm24_Vd_AJ5Yw,srScJAs2i1c,I found a DOG in Minecraft!!! - Part 7,2019-07-02,22076818,1165705,100342,0:29:30,38,1770
181,181,UC-lHJZR3Gqxm24_Vd_AJ5Yw,NTJY_EhT8OM,I found an EPIC treassure in Minecraft  - Part 6,2019-07-01,22171677,1170780,60121,0:17:22,48,1042
182,182,UC-lHJZR3Gqxm24_Vd_AJ5Yw,YuihlgsgNSo,I slept in the Nether in Minecraft..  - Part 5,2019-06-29,23176622,1255331,157027,0:24:13,46,1453
183,183,UC-lHJZR3Gqxm24_Vd_AJ5Yw,k1mAqt9yKYY,I LOST my horse in Minecraft (REAL TEARS) - Part 4,2019-06-27,20512186,978351,70440,0:14:56,50,896
184,184,UC-lHJZR3Gqxm24_Vd_AJ5Yw,zTxxlPGohz0,Minecraft is scary!!! - Part 3,2019-06-25,21838923,1337815,95535,0:17:03,30,1023
185,185,UC-lHJZR3Gqxm24_Vd_AJ5Yw,Wog1Zwx9jV0,Im actually having... FUN? In MINECRAFT (hacked) - Part 2,2019-06-23,27392504,1274852,98403,0:22:15,57,1335
186,186,UC-lHJZR3Gqxm24_Vd_AJ5Yw,RsWQfZl-Xtc,"Papers, Please!",2019-06-22,11484543,573137,32265,0:50:32,15,3032
187,187,UC-lHJZR3Gqxm24_Vd_AJ5Yw,VGt-BZ-SxGI,Minecraft Part 1,2019-06-21,56383711,2647071,151906,0:20:43,16,1243
188,188,UC-lHJZR3Gqxm24_Vd_AJ5Yw,FfgrV7i5jrA,Keanu Reeves,2019-06-17,12783710,930655,36889,0:17:36,12,1056
189,189,UC-lHJZR3Gqxm24_Vd_AJ5Yw,sCr8DyaR4yI,Can you make the PERFECT hamburger? (part 2),2019-06-16,6660323,369049,25941,0:10:10,44,610
190,190,UC-lHJZR3Gqxm24_Vd_AJ5Yw,l-Rbz59uNX8,Reacting to Keanu Reeves Memes - [MEME REVIEW] üëè üëè#60,2019-06-14,8904801,494199,17851,0:11:24,53,684
191,191,UC-lHJZR3Gqxm24_Vd_AJ5Yw,yfc4pYRs5T0,E3 2019 Summarized,2019-06-13,6060825,337619,20312,0:15:19,18,919
192,192,UC-lHJZR3Gqxm24_Vd_AJ5Yw,CzZ80Dl9Moo,KSI responds üì∞ PEW NEWSüì∞,2019-06-07,7183555,392850,42211,0:18:30,24,1110
193,193,UC-lHJZR3Gqxm24_Vd_AJ5Yw,LnO6Yqxx_M8,CRINGE TUESDAYS #1,2019-04-23,8330442,497867,26162,0:10:31,18,631
194,194,UC-lHJZR3Gqxm24_Vd_AJ5Yw,fsbZZT6dZIA,Sekiro Full Gameplay (0 Deaths Run),2019-04-10,9058854,374701,30101,0:42:11,35,2531
195,195,UC-lHJZR3Gqxm24_Vd_AJ5Yw,qov0ypksviU,What do Indians think of Tseries vs Pewdiepie?,2019-03-09,27775621,1864664,193463,0:18:30,46,1110
196,196,UC-lHJZR3Gqxm24_Vd_AJ5Yw,q_W4RL3HBdQ,Double Down - The movie that SHOULDVE WON an Oscar!,2019-03-06,4031412,232255,17544,0:25:19,51,1519
197,197,UC-lHJZR3Gqxm24_Vd_AJ5Yw,78IfMhVFBLk,QnA with future Wifey,2019-03-03,20402147,1291039,94813,0:10:10,21,610
198,198,UC-lHJZR3Gqxm24_Vd_AJ5Yw,ilNaQeK2li0,Elon memes everywhere! LWIAY - #0068,2019-03-02,7085816,424267,21660,0:11:15,36,675
199,199,UC-lHJZR3Gqxm24_Vd_AJ5Yw,X-_K-S10Ccg,GORN - Gameplay - Epic VR,2019-02-26,5623696,388613,31690,0:10:59,25,659
200,200,UC-lHJZR3Gqxm24_Vd_AJ5Yw,71FLPvjHVj0,Playing Fortnite to stop Tseries (Im desperate),2019-02-03,17368288,940574,47196,1:24:18,47,5058
201,201,UC-lHJZR3Gqxm24_Vd_AJ5Yw,gAAECc0LDy0,The Chinese Star Wars... That no one knows about... (The Battle Wizard),2019-02-01,4240045,240186,24508,0:27:22,71,1642
202,202,UC-lHJZR3Gqxm24_Vd_AJ5Yw,0looVXRbaDk,Genius needs to be stopped!,2019-01-06,26145169,1413781,98005,0:14:46,27,886
203,203,UC-lHJZR3Gqxm24_Vd_AJ5Yw,4E96vYUG7bw,THE MEME AWARDS 2018,2018-12-31,10019129,784356,65992,0:20:06,20,1206
204,204,UC-lHJZR3Gqxm24_Vd_AJ5Yw,pNar3Dh9zDk,I read 721 books in 2018,2018-12-29,8506212,617071,55304,0:12:07,24,727
205,205,UC-lHJZR3Gqxm24_Vd_AJ5Yw,qCLmXN1aRrw,Dictator time! - Tropico 6 Beta livestream!,2018-12-09,9286099,216818,5551,3:00:51,43,10851
206,206,UC-lHJZR3Gqxm24_Vd_AJ5Yw,2kpR0BdouNE,Bich Lasagna V2. - Beat Saber / PART 1,2018-11-22,24195180,1357449,68667,0:13:00,38,780
207,207,UC-lHJZR3Gqxm24_Vd_AJ5Yw,ygGb3N_Nko4,The last hope for my channel... LWIAY - #0056,2018-11-21,7627895,507981,40883,0:14:33,45,873
208,208,UC-lHJZR3Gqxm24_Vd_AJ5Yw,oJ2IlT9-t00,A message to Obama [MEME REVIEW] üëè üëè#41,2018-11-11,6654733,451126,56628,0:10:23,39,623
209,209,UC-lHJZR3Gqxm24_Vd_AJ5Yw,xyXGWB0NVDc,(Deltarune) FULL / Gameplay Part 1 / This Game is Hysterical!,2018-11-03,5685048,267439,26065,0:48:38,61,2918
210,210,UC-lHJZR3Gqxm24_Vd_AJ5Yw,HBDNbpWSUx8,"Okay, This Is Epic ( Bonus Meme ft. Ben Shapiro) [MEME REVIEW] üëè üëè#40",2018-11-02,9376624,832094,96842,0:14:29,69,869
211,211,UC-lHJZR3Gqxm24_Vd_AJ5Yw,w4GReha-6DI,Twitch Con 2018 - VeryEpic Cringe Compilation (funny moments ü§£üòÖ),2018-10-30,8921436,418222,25023,0:12:08,64,728
212,212,UC-lHJZR3Gqxm24_Vd_AJ5Yw,HeZtOmiJGOQ,RATING YOUTUBER APOLOGY VIDEOS,2018-10-26,29359276,1202923,54132,0:26:34,30,1594
213,213,UC-lHJZR3Gqxm24_Vd_AJ5Yw,0S6lczYYyuk,TOP 10 FASHION MEMES,2018-10-23,9830675,371748,20470,0:18:17,20,1097
214,214,UC-lHJZR3Gqxm24_Vd_AJ5Yw,EXfTZzT1ilw,The LAST EPISODE  / The Walking Dead / Season 4 / Last Season / Episode 2,2018-09-26,6030292,165138,23099,2:09:26,73,7766
215,215,UC-lHJZR3Gqxm24_Vd_AJ5Yw,gvJ_vJ0NUts,THE (GUCCI) FASHION MEME,2018-09-11,4461513,405749,19863,0:10:45,24,645
216,216,UC-lHJZR3Gqxm24_Vd_AJ5Yw,9F-WPOCOLpI,PLAYING WITH STRANGERS PUBG SQUADS,2018-08-12,20062858,889950,48912,0:10:16,34,616
217,217,UC-lHJZR3Gqxm24_Vd_AJ5Yw,rnWBwnnvvOg,THIS PLOTWIST BLEW MY MIND!!!! - Secret end,2018-07-28,3504715,136605,18895,1:05:00,43,3900
218,218,UC-lHJZR3Gqxm24_Vd_AJ5Yw,gywVPIYxkgU,Detroit: Become Human #2 ALWAYS THANK THE BUSDRIVER,2018-07-22,6478761,304982,31210,1:07:08,51,4028
219,219,UC-lHJZR3Gqxm24_Vd_AJ5Yw,w4G77WgjtFQ,No one understands this movie... and why,2018-07-08,6158677,375754,27746,0:11:36,40,696
220,220,UC-lHJZR3Gqxm24_Vd_AJ5Yw,W3LWl7T0kNE,YOU LAUGH YOU DIE  - YLYL #0031,2018-07-04,7488929,364366,20545,0:10:59,31,659
221,221,UC-lHJZR3Gqxm24_Vd_AJ5Yw,Q3L0gArhmaE,SOMEONE STOP THIS MADMAN! (Flex Tape),2018-06-12,12720167,620528,38963,0:10:46,37,646
222,222,UC-lHJZR3Gqxm24_Vd_AJ5Yw,Q6M255BZ0HU,YOU INDIA YOU LOSE  - YLYL #0026,2018-05-11,24010965,1096816,219776,0:10:43,32,643
223,223,UC-lHJZR3Gqxm24_Vd_AJ5Yw,sqFVrfinlYk,MARVEL INFINITY WARS DISINTEGRATION MEME MAKES ME HAHA  [MEME REVIEW] üëè üëè #19,2018-05-03,5105148,253058,20249,0:10:12,77,612
224,224,UC-lHJZR3Gqxm24_Vd_AJ5Yw,BUfl8XW5K6E,STOP BULLIES.  BUY HEADPHONES. #BullyHunters üì∞ PEW NEWSüì∞,2018-04-15,4781425,252373,18443,0:12:29,56,749
225,225,UC-lHJZR3Gqxm24_Vd_AJ5Yw,ea2FXcjk3Wo,YOU SERIOUSLY NEED TO STOP POSTING THESE...,2018-04-11,6470983,316813,35105,0:13:51,43,831
226,226,UC-lHJZR3Gqxm24_Vd_AJ5Yw,hZg4-AtRVHQ,dont say it. . . . . . .. . . . .,2018-03-25,3147973,197823,6794,0:01:18,33,78
227,227,UC-lHJZR3Gqxm24_Vd_AJ5Yw,vkA1rFrNLWs,do you know how big my mousepad is?,2018-03-11,3778062,224639,9721,0:01:24,35,84
228,228,UC-lHJZR3Gqxm24_Vd_AJ5Yw,gY7qxNOf5f8,FINALLY A GOOD VIDEO GAME.,2018-03-10,5373822,262519,24053,0:04:26,26,266
229,229,UC-lHJZR3Gqxm24_Vd_AJ5Yw,oIRiniCbjSE,I AM 1000% DONE,2018-03-02,9652985,628803,23631,0:14:39,15,879
230,230,UC-lHJZR3Gqxm24_Vd_AJ5Yw,N9-MdqjnW7E,THE KNUCKLES MEME IS OFFICIALLY DEAD - VR Chat #0007,2018-01-25,5915898,226297,15883,0:13:25,52,805
231,231,UC-lHJZR3Gqxm24_Vd_AJ5Yw,L-3c6d0EYMA,THE LEGEND OF TINY KNUCKLES - VR Chat #0006,2018-01-17,5929289,281051,18244,0:10:39,43,639
232,232,UC-lHJZR3Gqxm24_Vd_AJ5Yw,0bcrbx0e_Cg,Respekt,2018-01-12,3719795,283532,12084,0:02:01,7,121
233,233,UC-lHJZR3Gqxm24_Vd_AJ5Yw,nFmSepfF48o,LOGAN PAUL,2018-01-02,37127754,2000036,149151,0:11:02,10,662
234,234,UC-lHJZR3Gqxm24_Vd_AJ5Yw,qoqGkjDojzo,I AM A THIEF! (Storytime),2017-12-20,3153639,197386,9090,0:12:18,25,738
235,235,UC-lHJZR3Gqxm24_Vd_AJ5Yw,TsVpk00atGc,THE MOST HATED PERSON ON THE INTERNET (Net Neutrality),2017-11-30,5390435,227994,15245,0:11:50,54,710
236,236,UC-lHJZR3Gqxm24_Vd_AJ5Yw,ISpmBbzrshM,THIS GAME IS THE TRUE MEANING OF SUFFERING. / Getting Over It / #1,2017-11-10,15726338,578112,23135,0:12:31,66,751
237,237,UC-lHJZR3Gqxm24_Vd_AJ5Yw,7rJUVmo8zmw,"IM IN TEARS, FINALE! South Park The Fractured But Whole | ENDING Part 13",2017-10-28,3954375,126961,6684,0:45:05,72,2705
238,238,UC-lHJZR3Gqxm24_Vd_AJ5Yw,cet-KqNRZ1E,DID SOUTH PARK STEAL MY LOGO? WOW. South Park The Fractured But Whole | Walkthrough Part 12,2017-10-27,3245376,87138,3692,0:40:49,91,2449
239,239,UC-lHJZR3Gqxm24_Vd_AJ5Yw,blEN-yLjKgs,The forbidden move - South Park The Fractured But Whole - Part 11,2017-10-26,3496550,90978,3809,0:30:46,65,1846
240,240,UC-lHJZR3Gqxm24_Vd_AJ5Yw,NpskBL6Zpys,IS THAT A PEWDIEPIE REFERENCE?  South Park The Fractured But Whole | Walkthrough Part 9,2017-10-24,4423888,105973,5539,0:38:47,87,2327
241,241,UC-lHJZR3Gqxm24_Vd_AJ5Yw,yNRvu5buFxM,this game is not akward at all - Life is Strange - Season 2 Episode 2,2017-10-23,4427653,82650,13828,2:24:06,69,8646
242,242,UC-lHJZR3Gqxm24_Vd_AJ5Yw,PRWX9mErpDs,SPOT THE MICROAGGRESSION - South Park The Fractured But Whole | Walkthrough Gameplay - Part 6,2017-10-21,4410406,121456,6246,0:33:18,93,1998
243,243,UC-lHJZR3Gqxm24_Vd_AJ5Yw,i80gqc24wks,THE ENDING OF THIS WAS THE BEST!! South Park The Fractured But Whole | Walkthrough Gameplay Part 5,2017-10-20,4581010,128763,4693,0:33:07,98,1987
244,244,UC-lHJZR3Gqxm24_Vd_AJ5Yw,myX1bJ6GvX0,THERES NO WAY I CAN SHOW THIS.... South Park The Fractured But Whole | Walkthrough Part 4,2017-10-19,4752206,139740,5556,0:33:18,89,1998
245,245,UC-lHJZR3Gqxm24_Vd_AJ5Yw,7FF3tP8jlLg,WHAT IS MY WEAKNESS? - üí® South Park The Fractured But Whole | Walkthrough Gameplay Part 3,2017-10-18,5225609,171274,7691,0:32:50,89,1970
246,246,UC-lHJZR3Gqxm24_Vd_AJ5Yw,xukgniwV9XU,CANT STOP LAUGHING! - üçë üí® South Park The Fractured But Whole | Walkthrough Gameplay Part 2,2017-10-17,6059219,249886,8698,0:28:17,90,1697
247,247,UC-lHJZR3Gqxm24_Vd_AJ5Yw,dU2Vi1rBDuQ,üí® SOUTH PARK THE FRACTURED BUT WHOLE üí® FULL | Walkthrough Gameplay Part 1 - DEMONETIZED EDITION!,2017-10-17,9165495,568005,12917,0:27:30,96,1650
248,248,UC-lHJZR3Gqxm24_Vd_AJ5Yw,4awKvTfgKfU,HOW TO: MAKE SWEDISH MEATBALLS,2017-10-08,20170067,819604,51994,0:10:10,30,610
249,249,UC-lHJZR3Gqxm24_Vd_AJ5Yw,PX4zk0G4IjM,LIFE IS CRINGE - Life Is Strange - S2E01,2017-09-03,9890804,265089,21000,2:01:48,40,7308
250,250,UC-lHJZR3Gqxm24_Vd_AJ5Yw,UdhWXWEGWL0,Beastmode.,2017-08-06,4557658,180700,13048,0:17:26,10,1046
251,251,UC-lHJZR3Gqxm24_Vd_AJ5Yw,pRtROLfyV54,THE PURE GAMER SKILL DEMONSTRATED IN THIS VIDEO WILL SHOCK YOU,2017-07-29,5078093,178927,11823,0:31:55,62,1915
252,252,UC-lHJZR3Gqxm24_Vd_AJ5Yw,qtdDXGPvk_E,SPONSORED BY SAAB,2017-06-18,10764226,411150,32415,0:19:05,17,1145
253,253,UC-lHJZR3Gqxm24_Vd_AJ5Yw,OSCi273dx08,CAN'T BELIEVE THIS IS OVER... - The Walking Dead - Season 3 - Episode 5 FINALE,2017-06-07,3286189,111111,18748,1:15:26,78,4526
254,254,UC-lHJZR3Gqxm24_Vd_AJ5Yw,anuJj1YPZRI,IS YOUR CHILD A FAILURE?,2017-04-08,3997198,191921,14242,0:11:04,24,664
255,255,UC-lHJZR3Gqxm24_Vd_AJ5Yw,LDKED5Nt4PM,W T F A M I W A T C H I N G,2017-03-28,5597357,343644,17671,0:05:59,27,359
256,256,UC-lHJZR3Gqxm24_Vd_AJ5Yw,6MEKM2amQ2E,What went wrong here?,2017-03-17,6121001,250504,19535,0:10:18,21,618
257,257,UC-lHJZR3Gqxm24_Vd_AJ5Yw,iROLBXa1BkQ,/ The Room / THIS IS GREATEST MOVIE I'VE EVER SEEN,2017-02-27,9628145,429758,26497,0:14:01,50,841
258,258,UC-lHJZR3Gqxm24_Vd_AJ5Yw,VLAXxAoWAok,I'M CALLING OUT YOUTUBE!,2017-02-09,7625183,464354,45046,0:04:45,24,285
259,259,UC-lHJZR3Gqxm24_Vd_AJ5Yw,1keE74XCZTY,GOOD GAME,2017-02-08,5009023,228985,19329,0:10:10,9,610
260,260,UC-lHJZR3Gqxm24_Vd_AJ5Yw,HduaXmGiRTQ,Resident Evil 7: Biohazard - Gameplay - Part 1 - IT'S FRICKIN' TERRIFYING!,2017-01-23,17847508,549496,56399,0:37:51,74,2271
261,261,UC-lHJZR3Gqxm24_Vd_AJ5Yw,7Vj5M0qKh8g,THE RUBY PLAYBUTTON / YouTube 50 Mil Sub Reward Unbox,2016-12-18,91272322,6052941,613844,0:09:59,53,599
262,262,UC-lHJZR3Gqxm24_Vd_AJ5Yw,JrjGL6q2Ytk,THE ENDING MADE THE GAME AMAZING!! - The Last Guardian - Part 10 ENDING FINAL,2016-12-16,3695964,173018,19259,0:55:06,77,3306
263,263,UC-lHJZR3Gqxm24_Vd_AJ5Yw,iyOOciZeAmU,HOLY SHET! - The Last Guardian - Part 6,2016-12-11,2201321,115362,7397,0:35:28,39,2128
264,264,UC-lHJZR3Gqxm24_Vd_AJ5Yw,Y39LE5ZoKjw,DELETING MY CHANNEL,2016-12-09,37439182,1842383,197324,0:01:44,19,104
265,265,UC-lHJZR3Gqxm24_Vd_AJ5Yw,HBrpGpKeEvw,well...,2016-11-23,3757292,288442,18975,0:06:51,7,411
266,266,UC-lHJZR3Gqxm24_Vd_AJ5Yw,QLzUWJ0zk5M,I WAITED 6 YEARS TO PLAY THIS..  The Last Guardian -  Demo,2016-10-12,14871354,388793,21106,0:22:59,58,1379
267,267,UC-lHJZR3Gqxm24_Vd_AJ5Yw,Igbv2F6xyCA,BATMAN WANTS BATBOOTY **Batman Telltale - Part 1**,2016-09-19,3286368,110820,9663,1:45:50,50,6350
268,268,UC-lHJZR3Gqxm24_Vd_AJ5Yw,9Jc97lB-lo8,HAPPY WHEELS 3D RAGE! + Ainsley Dies,2016-09-17,8254170,318079,26900,0:10:28,36,628
269,269,UC-lHJZR3Gqxm24_Vd_AJ5Yw,3SVZ2oXmYbc,HUGE ANNOUNCEMENT!!!,2016-09-11,4744995,258914,20085,0:06:29,20,389
270,270,UC-lHJZR3Gqxm24_Vd_AJ5Yw,ULcPJigycbI,GIRLFRIEND VS BOYFRIEND: CHEF,2016-09-04,9485085,417747,18610,0:07:36,29,456
271,271,UC-lHJZR3Gqxm24_Vd_AJ5Yw,FGZv3VDOnDA,SNAIL RACE 2017,2016-08-06,3527526,222582,15617,0:06:02,15,362
272,272,UC-lHJZR3Gqxm24_Vd_AJ5Yw,XdMCyi_Avzc,(WARNING GROSS) CURING MY TRYPOPHOBIA,2016-08-03,23565455,775965,100387,0:07:19,37,439
273,273,UC-lHJZR3Gqxm24_Vd_AJ5Yw,TyErLoiNNy4,"MY FRIEND DIED, SAD STORY PLEASE WATCH JK ITS ABZU (Abzu  - Part 2)",2016-08-02,3124944,133255,15589,0:22:38,67,1358
274,274,UC-lHJZR3Gqxm24_Vd_AJ5Yw,RIfNvRWmOfk,MOST BEAUTIFUL GAME 2016!! (Abzu - Part 1),2016-08-01,6125406,260525,14144,0:14:08,42,848
275,275,UC-lHJZR3Gqxm24_Vd_AJ5Yw,6nP8SLkK0cM,HIGHSCHOOL GIRL PEWDIEPIE,2016-07-31,5936387,246474,32685,0:05:39,25,339
276,276,UC-lHJZR3Gqxm24_Vd_AJ5Yw,5pEPpNpbnCI,"BROFIST (PewDiePie Song, By Roomie)",2016-07-22,47421863,1387433,125207,0:03:09,35,189
277,277,UC-lHJZR3Gqxm24_Vd_AJ5Yw,K6PJyAOyuzw,HAPPY WHEELS 3D!!! (Guts and Glory Part 1),2016-07-21,10370191,456766,23199,0:07:31,42,451
278,278,UC-lHJZR3Gqxm24_Vd_AJ5Yw,abObpmh9mlw,THE FUNNIEST MULTIPLAYER GAME! (Gang Beasts - Part 06),2016-07-06,13690985,425511,20645,0:06:03,54,363
279,279,UC-lHJZR3Gqxm24_Vd_AJ5Yw,pHQEunIsa9c,I'LL KILL YOU ALL!!!!!!!!! (Dead by Daylight),2016-06-23,5043804,188597,9682,0:09:14,45,554
280,280,UC-lHJZR3Gqxm24_Vd_AJ5Yw,cfREs6k5ilo,THE BEST RUN!! / Mirrors Edge 2 Catalyst / ENDING,2016-06-19,1769820,51602,4633,1:13:40,49,4420
281,281,UC-lHJZR3Gqxm24_Vd_AJ5Yw,kLN63skDAIQ,CLICKBAIT (YouTubers Life - Part 2),2016-06-07,4180479,215779,15697,0:05:51,35,351
282,282,UC-lHJZR3Gqxm24_Vd_AJ5Yw,sHOJHzhCfqk,MIRRORS EDGE 2: CATALYST - Gameplay - PART 1 - SO EXCITED!!!!!!!!!!,2016-06-06,4748589,167606,16737,0:23:02,67,1382
283,283,UC-lHJZR3Gqxm24_Vd_AJ5Yw,GpDmSfo8sYM,QUALITY GAMEPLAY / Bayonetta 2 / Part 1,2016-05-31,7765582,321371,23559,0:15:20,39,920
284,284,UC-lHJZR3Gqxm24_Vd_AJ5Yw,VCCxGxeWrB8,REGRETTABLE PORN (Animated),2016-05-22,3273960,107144,4133,0:02:46,27,166
285,285,UC-lHJZR3Gqxm24_Vd_AJ5Yw,OrktI4FRYrU,UNCHARTED 4 ENDING - Final - Part 13,2016-05-21,3569665,154595,17995,1:05:25,36,3925
286,286,UC-lHJZR3Gqxm24_Vd_AJ5Yw,bk1UXOdjlmI,SO CUTE!! T_T - Uncharted 4 - Part 12,2016-05-20,2960200,88215,6171,0:48:53,37,2933
287,287,UC-lHJZR3Gqxm24_Vd_AJ5Yw,C_t5K7f8SWs,WHEN SHE GIVES YOU THAT LOOK  - Uncharted 4 - Part 11,2016-05-19,3036126,88122,6528,1:01:54,53,3714
288,288,UC-lHJZR3Gqxm24_Vd_AJ5Yw,hyIglpemX-Q,IM SO SORRY FOR THIS! - Uncharted 4 - Part 9,2016-05-18,3139683,95872,8144,0:54:46,44,3286
289,289,UC-lHJZR3Gqxm24_Vd_AJ5Yw,zshaLmvbrPM,LIKE AN ACTION MOVIE!! - Uncharted 4 - Part 8,2016-05-16,3311290,103166,7933,0:54:02,45,3242
290,290,UC-lHJZR3Gqxm24_Vd_AJ5Yw,ALdcQLLAmSI,(GONE SEXUAL) CHICKEN HORSE,2016-05-16,2359455,106864,3613,0:06:18,27,378
291,291,UC-lHJZR3Gqxm24_Vd_AJ5Yw,5MzQSH4dXfk,LETS GO ON SAFARI! - Uncharted 4 - Part 7,2016-05-15,3783217,107988,9259,1:10:12,41,4212
292,292,UC-lHJZR3Gqxm24_Vd_AJ5Yw,rAopaM8QAF0,GET A LITTLE BIT SEXUAL! - Uncharted 4 - Part 5,2016-05-13,3783307,110368,7017,0:47:30,47,2850
293,293,UC-lHJZR3Gqxm24_Vd_AJ5Yw,GmrUYRPR5xw,GUESS WHO'S BACK!? - Uncharted 4 - Part 4,2016-05-12,3926251,122178,7432,0:47:12,41,2832
294,294,UC-lHJZR3Gqxm24_Vd_AJ5Yw,p8wK3fUvqfQ,BEST EASTEREGG EVER?! - Uncharted 4 - Part 3,2016-05-11,5172444,130413,10543,0:56:22,44,3382
295,295,UC-lHJZR3Gqxm24_Vd_AJ5Yw,vgEOqq7aGgE,AMAZING AS THE LAST OF US! - Uncharted 4 - Part 2 - FULL GAME,2016-05-10,4625984,157158,13428,0:32:37,61,1957
296,296,UC-lHJZR3Gqxm24_Vd_AJ5Yw,CzrUVbvGNeM,UNBELIEVABLE GAMEPLAY!!! - Uncharted 4 FULL GAME Part 1 / Walkthrough/ Playthrough,2016-05-09,7705315,253018,13839,0:25:05,82,1505
297,297,UC-lHJZR3Gqxm24_Vd_AJ5Yw,L5uAbA-ModU,THE WALKING DEAD: MICHONNE (Full Game) - FINALE - EPISODE 3,2016-05-03,1735518,48727,7107,1:03:06,59,3786
298,298,UC-lHJZR3Gqxm24_Vd_AJ5Yw,hjiiqvOs4Hk,POOP POOP POOP POOP POOP POOP POOP POOP POOP POOP POOP (Muddy Heights 2 - Part 2),2016-04-24,3221374,144048,11346,0:06:42,81,402
299,299,UC-lHJZR3Gqxm24_Vd_AJ5Yw,U5tqr3SX1D0,SACRIFICE FOR SENPAI - (Yandere Simulator - Part 14),2016-04-20,5433332,229046,13494,0:05:49,52,349
300,300,UC-lHJZR3Gqxm24_Vd_AJ5Yw,k1Km9HmEEJ0,POOP ON PEOPLE! (Muddy Heights 2 - Part 01),2016-04-14,3221297,108111,19582,0:05:59,43,359
301,301,UC-lHJZR3Gqxm24_Vd_AJ5Yw,L4wAqzijLAs,HURRY! CLICK TWICE TO DEFUSE THIS BOMB! (Keep Talking and No One Explodes - Part 3),2016-04-11,3937152,201674,7810,0:06:17,83,377
302,302,UC-lHJZR3Gqxm24_Vd_AJ5Yw,nBkN-e_Sogc,LET'S CHANGE EVERYTHING / Quantum Break / Full Gameplay / Part 4,2016-04-08,1680535,64313,4544,0:29:08,64,1748
304,304,UC-lHJZR3Gqxm24_Vd_AJ5Yw,7ix5pxqF7AA,IS THIS A GAME OR A MOVIE? / Quantum Break / Part 3 / Full Gameplay,2016-04-06,2555786,77462,5994,0:49:52,67,2992
305,305,UC-lHJZR3Gqxm24_Vd_AJ5Yw,neg-2qTG2Uc,THE WALKING DEAD: MICHONNE (Full Game) - Part 1 - EPISODE 2,2016-04-05,1695153,61818,4555,0:23:22,59,1402
306,306,UC-lHJZR3Gqxm24_Vd_AJ5Yw,FSmJW1Ww4hI,MAY THE BEST BABY DIE!! (Who's Your Daddy? Part 3),2016-04-04,10043878,260593,12231,0:06:42,50,402
307,307,UC-lHJZR3Gqxm24_Vd_AJ5Yw,7TrF-tLic3Q,WOULD YOU SHOOT? / Quantum Break / Part 2,2016-04-04,2761261,106806,7898,0:20:34,41,1234
308,308,UC-lHJZR3Gqxm24_Vd_AJ5Yw,bymDk2mYAHI,Quantum Break FULL Gameplay - Walkthrough Part 1 // THIS GAME LOOKS REAL,2016-04-02,4597596,271856,18591,0:20:57,72,1257
310,310,UC-lHJZR3Gqxm24_Vd_AJ5Yw,Znyw-wU5aBk,DODGEBALL SIMULATOR (Stikbold),2016-03-30,3727997,158925,8977,0:05:43,30,343
311,311,UC-lHJZR3Gqxm24_Vd_AJ5Yw,xBQYLXX2Mk0,"THIS GAME WILL MAKE YOU WEEP (That, Dragon Cancer)",2016-03-29,4998015,169731,25609,1:03:01,50,3781
312,312,UC-lHJZR3Gqxm24_Vd_AJ5Yw,sVGTCtPP8Ts,Dark Souls 3 / Walkthrough / Playthrough / Let's Play / ZERO DEATHS,2016-03-26,10322906,380567,15517,0:12:37,67,757
314,314,UC-lHJZR3Gqxm24_Vd_AJ5Yw,SVSsTXvjkdk,SKATE 4 SKIING?! (Snow),2016-03-21,4337900,199199,12293,0:06:16,23,376
315,315,UC-lHJZR3Gqxm24_Vd_AJ5Yw,8q65TJ7C12o,THE LEGEND OF STEPHAN AND CINDERELLA (Animated),2016-03-20,2326366,84670,2535,0:03:17,47,197
317,317,UC-lHJZR3Gqxm24_Vd_AJ5Yw,i2fJSQzrHsU,WHO'S YOUR DADDY? (Animated),2016-03-13,3515666,124719,3187,0:01:53,28,113
318,318,UC-lHJZR3Gqxm24_Vd_AJ5Yw,i1iQKtR6uMo,LOSER DELETES HIS CHANNEL. (Lethal League),2016-03-11,3858221,151677,8011,0:07:13,42,433
319,319,UC-lHJZR3Gqxm24_Vd_AJ5Yw,3tWbvPqbyPI,WE ARE IN THE GAME! - Dragon Land,2016-03-10,2216766,108214,7145,0:07:28,33,448
321,321,UC-lHJZR3Gqxm24_Vd_AJ5Yw,ZwNxYJfW-eU,FAPPING SIMULATOR 2016 (3 Free Games),2016-03-09,14772546,323135,18828,0:08:49,37,529
322,322,UC-lHJZR3Gqxm24_Vd_AJ5Yw,2gADntFQQ9U,BUILD YOUR OWN SPONGEBOB! (Pewdiepie Animated),2016-03-06,3411414,139309,5445,0:01:47,46,107
323,323,UC-lHJZR3Gqxm24_Vd_AJ5Yw,rEMj4cke2S4,NETFLIX AND KILL (BroKen Podcast w/Cry - Part 14),2016-03-05,3129370,104353,3656,0:05:14,49,314
324,324,UC-lHJZR3Gqxm24_Vd_AJ5Yw,3FkikOc89ck,MOST OFFENSIVE GAME? (Love Death),2016-03-05,3329110,135274,9034,0:04:53,33,293
327,327,UC-lHJZR3Gqxm24_Vd_AJ5Yw,0ODPt69fk30,THE WALKING DEAD: MICHONNE (Full Game) - Part 4 - ENDING,2016-02-23,1594426,55467,6737,0:11:31,56,691
328,328,UC-lHJZR3Gqxm24_Vd_AJ5Yw,Dn57_71Fyuk,THE WALKING DEAD: MICHONNE (Full Game) - Part 1,2016-02-23,4280161,140459,15744,0:22:51,47,1371
330,330,UC-lHJZR3Gqxm24_Vd_AJ5Yw,rIz1oU5IQ4w,SCARE PEWDIEPIE - Level 2 | Preview,2016-02-17,6746723,17879,1849,0:00:41,35,41
331,331,UC-lHJZR3Gqxm24_Vd_AJ5Yw,jvDNW8DmsiY,LEO WINS THE OSCAR! - Leo's Red Carpet Rampage,2016-02-17,3832959,179953,6082,0:06:30,46,390
333,333,UC-lHJZR3Gqxm24_Vd_AJ5Yw,MsplPPW7tFo,LEVEL 7 | I‚ÄôM NOT CRAZY  (OUTLAST IRL GAMEPLAY),2016-02-10,133377938,2914747,150094,0:00:04,47,4
335,335,UC-lHJZR3Gqxm24_Vd_AJ5Yw,oFc6aBtfg-g,THE BROKEN PODCAST IS BACK  (Animated),2016-01-22,2381099,100787,4962,0:01:22,38,82
336,336,UC-lHJZR3Gqxm24_Vd_AJ5Yw,XHzJ1KXLgUE,JOIN A CULT FOR SENPAI - Yandere Simulator - Part 10,2016-01-06,5546710,203262,10001,0:06:15,52,375
337,337,UC-lHJZR3Gqxm24_Vd_AJ5Yw,S6d46EW1L0g,"THIS GAME IS RIDICULOUS // Ben and Ed, UNCUT",2015-12-16,3927749,156451,12967,0:29:59,44,1799
338,338,UC-lHJZR3Gqxm24_Vd_AJ5Yw,soUrtxiCyVU,HARDEST BOSS EVER (Bloodborne DLC Gameplay - Part 1),2015-12-14,5902769,141451,5833,0:09:22,52,562
339,339,UC-lHJZR3Gqxm24_Vd_AJ5Yw,uionPzrC7FU,FART PROTECTION! (5 Weird Stuff Online - Part 19),2015-12-12,7550645,295557,15444,0:08:53,49,533
340,340,UC-lHJZR3Gqxm24_Vd_AJ5Yw,IDeCpT_qZ10,THIS COUPLE IS THE WORST! / Facade Animated,2015-12-04,4402006,190127,3965,0:02:30,43,150
341,341,UC-lHJZR3Gqxm24_Vd_AJ5Yw,nPCMfFdlIKg,Micheal Bay Simulator - Just Cause 3 - Part 2,2015-12-03,3031716,125011,5956,0:08:57,45,537
342,342,UC-lHJZR3Gqxm24_Vd_AJ5Yw,uE1GF_6wOH0,LOST IN SPACE. / Pewdiepie Animated,2015-11-30,2339550,101769,3702,0:01:34,35,94
343,343,UC-lHJZR3Gqxm24_Vd_AJ5Yw,R0FGb7HmkWc,Life Is Strange - Episode 3 - Part 2,2015-11-08,3451289,105413,18,1:08:17,36,4097
344,344,UC-lHJZR3Gqxm24_Vd_AJ5Yw,KV50ILapApE,HOT AND SPICY SEAWEED!? (5 Weird Stuff Online - Part 18),2015-11-03,5507609,274126,16217,0:10:01,56,601
345,345,UC-lHJZR3Gqxm24_Vd_AJ5Yw,BwBhgONTTbQ,HOLDING THE TEARS! - Life Is Strange - Episode 5 - Full,2015-10-22,6035536,155091,31673,2:09:42,55,7782
346,346,UC-lHJZR3Gqxm24_Vd_AJ5Yw,6GGyrT3EQ84,15 Pounds Of Fun.,2015-10-09,3090557,96524,2334,0:01:02,17,62
347,347,UC-lHJZR3Gqxm24_Vd_AJ5Yw,aiGZWlLN23g,SENPAI WILL BE MINE!,2015-09-04,3283480,169119,4169,0:01:23,20,83
348,348,UC-lHJZR3Gqxm24_Vd_AJ5Yw,6wqiyvXIu9c,YOU WILL HATE ME FOR THIS BROS // Until Dawn // Part 10 // Ending,2015-09-03,6550250,230519,37825,0:31:28,65,1888
349,349,UC-lHJZR3Gqxm24_Vd_AJ5Yw,axjIyXFgqDA,CAN YOU HANDLE THE GORE? / Until Dawn / Part 9,2015-09-02,5943090,182053,22195,0:41:36,46,2496
350,350,UC-lHJZR3Gqxm24_Vd_AJ5Yw,gmqnd6nJjKM,KILL YOURSELF OR THE GIRL? / Until Dawn / Part 6,2015-08-30,6431086,190846,23733,0:45:17,48,2717
351,351,UC-lHJZR3Gqxm24_Vd_AJ5Yw,jGujD_IMBzs,THIS GAME IS DISGUSTING / Until Dawn / Part 5,2015-08-29,7114694,192745,28540,0:41:18,45,2478
352,352,UC-lHJZR3Gqxm24_Vd_AJ5Yw,3YwnCp0-PFA,WILL THEY BANG OK? / Until Dawn / Part 2,2015-08-26,8097431,249258,18677,0:34:44,40,2084
353,353,UC-lHJZR3Gqxm24_Vd_AJ5Yw,dVJjl1vb0P0,YouTube Highschool (Tobuscus),2015-07-21,3786090,196769,70,0:08:45,29,525
354,354,UC-lHJZR3Gqxm24_Vd_AJ5Yw,ejTbigS7C2U,WE'RE HAVING A THREESOME? -- Catherine -- Part 8,2015-07-19,4441036,144947,10,0:33:48,48,2028
355,355,UC-lHJZR3Gqxm24_Vd_AJ5Yw,rjiccAZe1w8,MAKING THE DODO EXTINCT -- Ark -- Part 3,2015-07-18,2794077,113259,12,0:07:55,40,475
356,356,UC-lHJZR3Gqxm24_Vd_AJ5Yw,1s5IEqGAJ4c,HOW TO BE COOL FOR SUMMER,2015-07-04,3694333,165026,25,0:01:16,25,76
357,357,UC-lHJZR3Gqxm24_Vd_AJ5Yw,VdE1b1Pi7ls,The Legend of SALAD ASS. -- Ark -- Part 2,2015-07-01,5543180,191099,16,0:09:34,41,574
358,358,UC-lHJZR3Gqxm24_Vd_AJ5Yw,IPSomL6SZ30,PewDiePie Fanfiction Animated: Wild Falcon Lover,2015-06-12,5247089,197290,27,0:04:18,48,258
359,359,UC-lHJZR3Gqxm24_Vd_AJ5Yw,YqCvyvXc-U4,This Book Loves You - ANNOUNCEMENT!,2015-06-11,10176589,206164,39,0:03:21,35,201
360,360,UC-lHJZR3Gqxm24_Vd_AJ5Yw,BhkBifP4aiQ,PewDiePie Fanfiction Animated: Pewd's Secret,2015-06-05,6601216,227007,12,0:03:24,44,204
361,361,UC-lHJZR3Gqxm24_Vd_AJ5Yw,dlQ2CnBwX1Y,FINDING THE HOT GIRL - The Witcher: Gameplay - Part 3,2015-05-30,2270387,61763,12,0:34:29,53,2069
362,362,UC-lHJZR3Gqxm24_Vd_AJ5Yw,_Z93gVqa8OE,PewDiePie Fanfiction Animated: Dragonslayer,2015-05-29,5223781,208247,34,0:04:10,43,250
363,363,UC-lHJZR3Gqxm24_Vd_AJ5Yw,zkZLP8TdYmQ,THIS IS PRON. - Bloodborne - Part 7,2015-05-27,4989414,125150,23,0:14:47,35,887
364,364,UC-lHJZR3Gqxm24_Vd_AJ5Yw,f1LCMrTFSNI,A LOVE STORY (Happy Wheels #75),2015-05-25,10157582,341792,21,0:05:48,31,348
365,365,UC-lHJZR3Gqxm24_Vd_AJ5Yw,zCY2Gapsstk,THIS GAME IS AMAZING! - Life Is Strange - Episode 3 - Full Gameplay!,2015-05-20,6238370,121487,19,0:52:24,68,3144
366,366,UC-lHJZR3Gqxm24_Vd_AJ5Yw,Y_TTsEfFrHA,LET THE HUNT BEGIN! - The Witcher 3: Wild Hunt - Walkthrough / Playthrough / Gameplay- Part 1,2015-05-19,6162908,169565,12,0:21:31,93,1291
367,367,UC-lHJZR3Gqxm24_Vd_AJ5Yw,offpXmHOMOE,MR. CRAB IS ADORABLE!,2015-05-09,3019570,154404,5,0:04:48,21,288
368,368,UC-lHJZR3Gqxm24_Vd_AJ5Yw,ho70DT1Fvdw,I'M GOING TO SPACE! (Kerbal Space Program),2015-04-27,5336170,234383,16,0:06:17,42,377
369,369,UC-lHJZR3Gqxm24_Vd_AJ5Yw,qcbHDUIwHKo,COWBOY HITLER LIVES. (Westerados),2015-04-22,2805076,129785,18,0:07:05,33,425
370,370,UC-lHJZR3Gqxm24_Vd_AJ5Yw,6qmwPvvkUBw,MY MENTAL BREAKDOWN - Bloodborne - Part 2,2015-04-08,5857697,263675,29,0:11:15,41,675
371,371,UC-lHJZR3Gqxm24_Vd_AJ5Yw,fHn2NVJsIMg,Bloodborne - Part 1 - Gameplay / Full Playthrough / Walkthrough,2015-04-02,7771288,385215,42,0:10:04,63,604
372,372,UC-lHJZR3Gqxm24_Vd_AJ5Yw,klnITf_EZRQ,TIMETRAVEL BOSS! // Life Is Strange - Episode 2 FULL Gameplay Walkthrough,2015-03-25,6133944,160951,21,0:40:49,73,2449
373,373,UC-lHJZR3Gqxm24_Vd_AJ5Yw,-xy8wpIo0Oo,UNICORN SIMULATOR.,2015-03-16,3979565,132563,19,0:07:23,18,443
374,374,UC-lHJZR3Gqxm24_Vd_AJ5Yw,5OFGDfFZULo,I AM THE DEVIL! (Lucius 2),2015-03-02,7859261,229823,46,0:29:57,26,1797
375,375,UC-lHJZR3Gqxm24_Vd_AJ5Yw,ycs89_O__IY,INDONESIAN HORROR HOTTIES! Dreadout - Act 2 - Part 1,2015-02-18,7962290,200389,21,0:35:53,52,2153
376,376,UC-lHJZR3Gqxm24_Vd_AJ5Yw,Px8FPY6UXaY,IKEA SIMULATOR 2015,2015-02-13,5693489,192905,17,0:05:46,19,346
377,377,UC-lHJZR3Gqxm24_Vd_AJ5Yw,N0cY6b8IcXI,ADVENTURES OF DONALD! (Disney Infinity),2015-02-04,3850407,143500,35,0:04:43,39,283
378,378,UC-lHJZR3Gqxm24_Vd_AJ5Yw,phbn-NfCWxw,I CAN TIME TRAVEL! (Life Is Strange - Episode 1 FULL Gameplay),2015-02-01,13693941,412770,15,1:35:13,62,5713
379,379,UC-lHJZR3Gqxm24_Vd_AJ5Yw,hhhcvsN_Wsk,SCARIEST GAME EVER #3,2015-01-16,5441033,163785,16,0:06:12,21,372
380,380,UC-lHJZR3Gqxm24_Vd_AJ5Yw,n9pmRI5XYh8,DUCK GAMES.,2015-01-15,4304306,212525,14,0:07:03,11,423
381,381,UC-lHJZR3Gqxm24_Vd_AJ5Yw,x8-Ze2KqbaU,DUMB WAYS TO DIE 2 // 3 Free Games,2015-01-13,12376885,274227,11,0:10:02,34,602
382,382,UC-lHJZR3Gqxm24_Vd_AJ5Yw,ddCDkGX86Tg,HOW TO: SURVIVE IN SURVIVAL GAMES. #1,2015-01-11,4649949,200237,30,0:04:56,37,296
383,383,UC-lHJZR3Gqxm24_Vd_AJ5Yw,nyQJ9h_eIK8,CHRISTMAS SIMULATOR,2014-12-24,3890227,160423,2,0:05:54,19,354
384,384,UC-lHJZR3Gqxm24_Vd_AJ5Yw,TEhO4xEne-E,QWOP PEWDIEPIE!,2014-12-18,5863421,146385,1,0:08:41,15,521
385,385,UC-lHJZR3Gqxm24_Vd_AJ5Yw,cS0Y2ldpKvo,Dying Light - Gameplay - ZOMBIE PARKOUR INSANITY!,2014-12-08,4657438,159761,2,0:08:20,49,500
386,386,UC-lHJZR3Gqxm24_Vd_AJ5Yw,DMw6o7497To,DANCE PEWDIEPIE DANCE! // INDIES VS PEWDIEPIE JAM WINNERS!,2014-12-07,5101632,146769,1,0:19:59,58,1199
387,387,UC-lHJZR3Gqxm24_Vd_AJ5Yw,mHg0nrjSHYs,LETS GO ON A JOURNEY BROS! - Brothers: A Tale Of Two Sons: Gameplay - FULL GAMEPLAY,2014-12-01,12660483,179626,10,2:24:53,83,8693
388,388,UC-lHJZR3Gqxm24_Vd_AJ5Yw,zMkLoaQEb9M,HUNTER GOAT // Goat MMO #2,2014-11-20,2863072,90184,1,0:10:22,26,622
389,389,UC-lHJZR3Gqxm24_Vd_AJ5Yw,bmf_5z2RCNg,GOAT MMO // MICROWAVE GOAT?! - Goat Simulator - Part 1,2014-11-17,4943871,151022,1,0:10:15,54,615
390,390,UC-lHJZR3Gqxm24_Vd_AJ5Yw,hoGXoX8NrO0,ANKI Drive YOUTUBE TOURNAMENT! (SANIC PEWDS),2014-11-08,3154315,147451,2,0:08:06,44,486
391,391,UC-lHJZR3Gqxm24_Vd_AJ5Yw,UzqZwh0-p34,I'M SO KAWAII - Pewds Animated (By: Anothink),2014-10-29,9305047,266666,3,0:01:25,45,85
392,392,UC-lHJZR3Gqxm24_Vd_AJ5Yw,s8ejJi6oieY,WHEN HE DOESNT BUY YOU CHOCOLATE - The Evil Within (Chapter 4),2014-10-23,4003235,125724,11,0:17:44,62,1064
393,393,UC-lHJZR3Gqxm24_Vd_AJ5Yw,a2ztALd_2E0,WHY AREN'T YOU LAUGHING?! - Pewds Animated (By Coyotemation),2014-10-17,7168660,201566,9,0:01:22,60,82
394,394,UC-lHJZR3Gqxm24_Vd_AJ5Yw,fWrV9DnUlEU,OCTODAD MEETS SURGEON SIMULATOR?! (Octodad Shorts #2),2014-10-16,4690541,116453,14,0:18:04,53,1084
395,395,UC-lHJZR3Gqxm24_Vd_AJ5Yw,WhIOXSy_7BI,OCTODAD GOES ON A DATE! (Octodad Shorts #1),2014-10-14,5020398,167912,19,0:19:23,43,1163
396,396,UC-lHJZR3Gqxm24_Vd_AJ5Yw,sSjdU297yfA,The Evil Within - Gameplay - Part 1 - Walkthrough (Chapter 1) - IT BEGINS HERE!,2014-10-14,7765024,369348,32,0:22:54,79,1374
397,397,UC-lHJZR3Gqxm24_Vd_AJ5Yw,TAr5r0CeBE4,I'M AN AVIATOR! - Altitude0,2014-10-03,3814064,101007,12,0:10:57,27,657
398,398,UC-lHJZR3Gqxm24_Vd_AJ5Yw,XU5JJraK7jQ,Alien: Isolation - Gameplay - Part 1 - (Playthrough / Walkthrough ) - SO DAMN EXCITED FOR THIS GAME!,2014-09-27,9910040,573038,38,0:19:33,100,1173
399,399,UC-lHJZR3Gqxm24_Vd_AJ5Yw,PMfuAbpbE00,MALE PREGNANCY MOD?! - The Sims 4,2014-09-23,9592060,314895,66,0:06:45,33,405
400,400,UC-lHJZR3Gqxm24_Vd_AJ5Yw,XU5JJraK7jQ,Alien: Isolation - Gameplay - Part 1 - (Playthrough / Walkthrough ) - SO DAMN EXCITED FOR THIS GAME!,2014-09-27,9910040,573038,38,0:19:33,100,1173
401,401,UC-lHJZR3Gqxm24_Vd_AJ5Yw,PMfuAbpbE00,MALE PREGNANCY MOD?! - The Sims 4,2014-09-23,9592060,314895,66,0:06:45,33,405
402,402,UC-lHJZR3Gqxm24_Vd_AJ5Yw,GWDSEFmLYpk,Is Your Child A Failure? - Paradigm,2014-09-16,9938596,219600,23,0:14:55,35,895
406,406,UC-lHJZR3Gqxm24_Vd_AJ5Yw,CSmn_x4x9tU,GOOD ENDING - Infamous: Second Son - Gameplay - Part 11,2014-08-21,4800867,215608,29787,0:22:58,55,1378
407,407,UC-lHJZR3Gqxm24_Vd_AJ5Yw,9CCDwMqnOEE,HELP ME GET OUT OF THE TV! - Infamous: Second Son - Part 8 - Gameplay,2014-08-18,4590863,160803,8260,0:23:58,69,1438
408,408,UC-lHJZR3Gqxm24_Vd_AJ5Yw,QHHceBFv4HI,PORTA POTTY SURPRISE!  - Infamous: Second Son - Part 7 - Gameplay,2014-08-17,4816734,159550,7468,0:23:11,65,1391
409,409,UC-lHJZR3Gqxm24_Vd_AJ5Yw,G7kaXPB7vko,OTTTD - GREATEST TOWER DEFENCE GAME OF ALL TIME!,2014-08-16,3676307,113789,5360,0:10:52,48,652
410,410,UC-lHJZR3Gqxm24_Vd_AJ5Yw,tszleE5QnRs,I'M FREAKIN SANIC!  - Infamous: Second Son - Part 6 - Gameplay,2014-08-15,6225395,208137,18923,0:26:21,62,1581
411,411,UC-lHJZR3Gqxm24_Vd_AJ5Yw,NRVgQ3xc6JI,PHOTO ALL THE PANTIES! - Infamous: Second Son - Part 5 - Gameplay,2014-08-14,5269066,238755,9627,0:19:52,65,1192
412,412,UC-lHJZR3Gqxm24_Vd_AJ5Yw,VEJY_MhOVks,MY AMAZING GRAFITTI! - Infamous: Second Son - Part 4 - Gameplay,2014-08-13,5282666,184237,10138,0:14:27,63,867
413,413,UC-lHJZR3Gqxm24_Vd_AJ5Yw,3MULG0x8QJE,I'M SMOSES - Infamous: Second Son - Part 2,2014-08-11,6669624,248390,15585,0:23:17,42,1397
414,414,UC-lHJZR3Gqxm24_Vd_AJ5Yw,GEsLlFr0pYE,InFamous: Second Son - Gameplay - Part 1 - Walkthrough / Playthrough / Lets Play,2014-08-09,9822728,342372,29684,0:22:11,80,1331
415,415,UC-lHJZR3Gqxm24_Vd_AJ5Yw,-QoszlJIDLE,FINALLY AN ADVENTURE TIME GAME!,2014-08-08,8286427,197565,9588,0:11:14,31,674
416,416,UC-lHJZR3Gqxm24_Vd_AJ5Yw,rZYEEKOkTdw,CUTEST COUPLE ON YOUTUBE! - The Sims,2014-08-03,5478479,202477,10444,0:08:27,36,507
417,417,UC-lHJZR3Gqxm24_Vd_AJ5Yw,SgZ54OoEif0,BEER LLAMA BLUESCREEN.,2014-08-02,7013097,198450,11522,0:08:00,22,480
418,418,UC-lHJZR3Gqxm24_Vd_AJ5Yw,UTXCu1VQDRw,CREATING MY GIRLFRIEND - The Sims,2014-07-29,7398595,236287,17031,0:08:31,33,511
419,419,UC-lHJZR3Gqxm24_Vd_AJ5Yw,14qSjwQEx9I,SURVIVING IN THE FOREST - Pewds Animated (By Coyotemation),2014-07-27,10670154,242576,6102,0:01:13,58,73
420,420,UC-lHJZR3Gqxm24_Vd_AJ5Yw,aoVdPf4cnTw,#ZABIE IS REAL!? - Walking Dead: Season 2: Episode 4 - Part 3 - END,2014-07-25,6192993,177188,31804,0:34:34,67,2074
421,421,UC-lHJZR3Gqxm24_Vd_AJ5Yw,mxEELaqdCg0,I'M DOING BRAIN SURGERY? The Evil Within - Gameplay - Part 3,2014-07-24,3146694,94494,4565,0:15:09,60,909
422,422,UC-lHJZR3Gqxm24_Vd_AJ5Yw,7roOyZTupXg,GREATEST SLAP OF ALL TIME! - Walking Dead: Season 2: Episode 4 - Part 2,2014-07-24,6842474,177216,18543,0:30:57,71,1857
423,423,UC-lHJZR3Gqxm24_Vd_AJ5Yw,NZpIxiWPjtk,The Evil Within - Gameplay - Part 1,2014-07-18,6375090,156405,4784,0:16:20,35,980
424,424,UC-lHJZR3Gqxm24_Vd_AJ5Yw,_D4tCC3MEPw,THIS ISN'T EVEN MY FINAL FORM - TWAU - Episode 5 - Part 1,2014-07-08,4502718,131099,9996,0:30:05,57,1805
425,425,UC-lHJZR3Gqxm24_Vd_AJ5Yw,G702v4dTPyg,HUG THAT TEDDY! - Among The Sleep - Part 2,2014-06-10,4013165,132064,7,0:14:57,42,897
426,426,UC-lHJZR3Gqxm24_Vd_AJ5Yw,G6HvfaUO22s,BREAK INTO BAZILLION PIECES! - Next Car Game,2014-06-05,6471679,170803,7462,0:07:15,44,435
427,427,UC-lHJZR3Gqxm24_Vd_AJ5Yw,rYrSw9KcspM,SEAGULL HORROR! - The Forest - Part 2,2014-06-01,5666747,169968,11314,0:08:24,37,504
428,428,UC-lHJZR3Gqxm24_Vd_AJ5Yw,4v777SLrT-s,CLASSY GOAT! - Goat Simulator,2014-05-31,5707450,205854,8514,0:08:16,29,496
429,429,UC-lHJZR3Gqxm24_Vd_AJ5Yw,Q78C8mlDtx4,WE FINALLY SEE THE CROOKED MAN! - Wolf Among Us - Episode 4 - Part 3 (END),2014-05-29,3326497,95550,7024,0:31:55,74,1915
430,430,UC-lHJZR3Gqxm24_Vd_AJ5Yw,9k_CLHkhBW0,BOOBSBOOBSBOOBSBOOBSBOOBSBOOBSBOOBSBOOBSBOOBSBOOBSBOOBS - Uncraft Me,2014-05-28,12099985,181136,10388,0:10:24,68,624
431,431,UC-lHJZR3Gqxm24_Vd_AJ5Yw,fdINWZp2_2c,Watch Dogs: Gameplay / Walkthrough / Playthrough  - Part 1 - WHERE ARE ALL THE DOGS?!,2014-05-27,8395874,269279,38238,0:24:00,85,1440
432,432,UC-lHJZR3Gqxm24_Vd_AJ5Yw,_Hf13K3UW1I,The Impossible Game? (Geometry Dash),2014-05-22,10248805,329805,24710,0:07:36,36,456
433,433,UC-lHJZR3Gqxm24_Vd_AJ5Yw,yQlLKNtrFhM,"TOILET JUMPSCARE, BEST SCARE - The Cursed Forest #2",2014-05-21,3469267,126631,10052,0:13:42,51,822
434,434,UC-lHJZR3Gqxm24_Vd_AJ5Yw,GH_NzA_aM4Y,SLENDYTUBBIES 2,2014-05-17,7009471,129137,7471,0:15:11,15,911
435,435,UC-lHJZR3Gqxm24_Vd_AJ5Yw,nJfIJWSY9EM,HOLY MOTHER OF GOD! - DreadOut - Part 3 - Final (END),2014-05-16,5060808,140588,12365,0:19:50,53,1190
436,436,UC-lHJZR3Gqxm24_Vd_AJ5Yw,lXBbv1_i_QA,A BLOODY ENDING! - The Walking Dead Season Two - Episode 3 - Part 4 Final Ending,2014-05-16,7325135,163449,18159,0:23:04,80,1384
437,437,UC-lHJZR3Gqxm24_Vd_AJ5Yw,YeumUzxF9bM,SYMPATHIZING WITH A KILLER? - The Walking Dead Season Two - Episode 3 - Part 2,2014-05-14,4860719,138569,12106,0:20:30,78,1230
438,438,UC-lHJZR3Gqxm24_Vd_AJ5Yw,42uJFwVKITQ,SELFIE HORROR! - DreadOut - Part 1 - Act 1,2014-05-14,6580880,191383,19235,0:15:55,42,955
439,439,UC-lHJZR3Gqxm24_Vd_AJ5Yw,Z8XIrwYFKU4,I'M GETTING A SEXCHANGE!? - Outlast DLC: Part 7 (Whistleblower),2014-05-12,7457470,163697,17581,0:14:51,63,891
440,440,UC-lHJZR3Gqxm24_Vd_AJ5Yw,UVuTlgnWLSs,CAN YOU BLOW MY WHISTLE BABY? Outlast DLC: Part 1 - Whistleblower,2014-05-06,9463341,237265,12382,0:14:38,65,878
441,441,UC-lHJZR3Gqxm24_Vd_AJ5Yw,LJnMu33waxw,HARDEST BOSS EVER??  Dark Souls 2 - Part 6,2014-05-04,7133774,240359,9972,0:08:21,42,501
442,442,UC-lHJZR3Gqxm24_Vd_AJ5Yw,w7VAR_6jW2A,WHERE IS YOUR HEAD? - Dark Souls 2 - Part 5,2014-04-22,4989579,151406,6390,0:08:38,43,518
443,443,UC-lHJZR3Gqxm24_Vd_AJ5Yw,dNzicGeWvjE,BROFORCE #2,2014-04-20,3848021,86314,6689,0:25:15,11,1515
444,444,UC-lHJZR3Gqxm24_Vd_AJ5Yw,koj36UnQvHc,INSANE ENDING!!! - The Wolf Among Us - Part 4 - Episode 3,2014-04-11,3720106,100090,10318,0:19:48,57,1188
445,445,UC-lHJZR3Gqxm24_Vd_AJ5Yw,xQzBs3UTzMA,A CROOKED MILE - The Wolf Among Us - Part 1 - Episode 3,2014-04-08,3618658,172646,6966,0:21:36,55,1296
446,446,UC-lHJZR3Gqxm24_Vd_AJ5Yw,aCPSw0srSsA,Demon Simulator - DEMON GOAT,2014-04-02,8843628,253001,11203,0:11:48,28,708
447,447,UC-lHJZR3Gqxm24_Vd_AJ5Yw,OCc6BN9XLVw,THE HASSELHOFF NOSE JOB -  South Park: The Stick of Truth - Part 17,2014-03-23,5251654,133876,7231,0:17:36,67,1056
448,448,UC-lHJZR3Gqxm24_Vd_AJ5Yw,u33dwH42FVc,IT BEGINS! - Dark Souls II - Gameplay - Part 1 (Tears Edition),2014-03-22,7617386,222747,15393,0:13:19,62,799
449,449,UC-lHJZR3Gqxm24_Vd_AJ5Yw,pJmmlH9ghgY,MAN-BEAR-PIG IS REAL! - South Park: The Stick of Truth - Part 16,2014-03-16,7254046,147242,21843,0:08:59,64,539
450,450,UC-lHJZR3Gqxm24_Vd_AJ5Yw,wLP_E7xFE2U,THE CHRISTMAS POOP - South Park: The Stick of Truth - Part 15,2014-03-16,7145977,127538,6401,0:17:02,61,1022
451,451,UC-lHJZR3Gqxm24_Vd_AJ5Yw,dtkTnxMtTus,ABORTION INSIDE GAY MANS BUTTHOLE - South Park: The Stick of Truth - Part 13,2014-03-13,10276152,157882,7238,0:23:16,76,1396
452,452,UC-lHJZR3Gqxm24_Vd_AJ5Yw,0shGkcnKAnI,THE FARTRIX - South Park: The Stick of Truth - Part 12,2014-03-11,9082949,200856,10318,0:24:04,54,1444
453,453,UC-lHJZR3Gqxm24_Vd_AJ5Yw,pKtNThEPWM4,CANADA IS ACTUALLY AN RPG?!.. - South Park: The Stick of Truth - Part 11,2014-03-10,9484054,177750,12674,0:21:13,72,1273
454,454,UC-lHJZR3Gqxm24_Vd_AJ5Yw,isUar327y3o,ABORTION... ON A MAN? - South Park: The Sick of Truth - Part 10 | PewDiePie,2014-03-09,20488390,236878,15028,0:20:20,75,1220
455,455,UC-lHJZR3Gqxm24_Vd_AJ5Yw,167fauhjzPg,MOST F#%KED UP PART! - South Park: The Stick of Truth - Part 9,2014-03-08,9832296,162528,13043,0:19:57,62,1197
456,456,UC-lHJZR3Gqxm24_Vd_AJ5Yw,GSvHRhz3QhU,A FAMILIAR FACE RETURNS? - Walking Dead - Season 2 - Episode 2 - Part 3,2014-03-06,6439372,167571,23794,0:18:04,71,1084
457,457,UC-lHJZR3Gqxm24_Vd_AJ5Yw,1BmELlWQdEE,NAZI ZOMBIES! - South Park. Stick of Truth - Part 7,2014-03-06,10072543,189787,8890,0:21:47,51,1307
458,458,UC-lHJZR3Gqxm24_Vd_AJ5Yw,dsXhuOwPTTc,WHAT IS WRONG WITH YOU?! - The Walking Dead - Season 2 - Episode 2 - Part 2,2014-03-06,6134908,135424,10510,0:20:57,75,1257
459,459,UC-lHJZR3Gqxm24_Vd_AJ5Yw,sf9gdjBU_Z8,SHES BACK! - The Walking Dead: Season 2 - Episode 2 - Part 1 - Gameplay / Walkthrough / Playthrough,2014-03-04,7114176,180964,12318,0:20:42,99,1242
460,460,UC-lHJZR3Gqxm24_Vd_AJ5Yw,qfTOTsCzMBQ,NICE PAIR OF DOUBLE D'S! - South Park: The Stick of Truth - Part 5,2014-03-04,9503998,216302,6439,0:20:06,66,1206
461,461,UC-lHJZR3Gqxm24_Vd_AJ5Yw,guXVq6LOEsY,GREATEST ATTACK IN VIDEO GAME HISTORY - South Park: Stick of Truth - Part 4,2014-02-27,12580945,205666,11027,0:14:12,75,852
462,462,UC-lHJZR3Gqxm24_Vd_AJ5Yw,Vnyl15PqsYM,FART RO DAH! - South Park: The Stick of Truth - Part 3,2014-02-24,9877634,217756,9554,0:13:16,54,796
463,463,UC-lHJZR3Gqxm24_Vd_AJ5Yw,NSy3cTqKJuc,TWEEK BROS! - South Park: The Stick of Truth - Part 2 - Gameplay,2014-02-22,11671707,296162,13078,0:20:42,64,1242
464,464,UC-lHJZR3Gqxm24_Vd_AJ5Yw,9TyU2gIRgtI,DO YOU EVEN ARCHER BRO?! - Probably Archery,2014-02-17,7024346,190701,11195,0:09:51,43,591
465,465,UC-lHJZR3Gqxm24_Vd_AJ5Yw,_5Vj_gFJTuQ,The Last of Us: Left Behind - Part 1 (Full) DLC - Gameplay Walkthrough Playthrough Let's Play,2014-02-14,6516493,241496,12817,0:29:41,93,1781
466,466,UC-lHJZR3Gqxm24_Vd_AJ5Yw,W3QPBZvYxeg,A WONDERFUL VACATION! - (Jazzpunk) #3,2014-02-09,4990241,139084,9206,0:12:51,37,771
467,467,UC-lHJZR3Gqxm24_Vd_AJ5Yw,qZR2wFnlR08,IT'S ALL ABOUT THE JAZZ MAN! (Jazzpunk),2014-02-07,5783456,186485,8009,0:10:29,39,629
468,468,UC-lHJZR3Gqxm24_Vd_AJ5Yw,xJzA-BrP2rg,FIGHTING FINALE - The Wolf Among Us - Part 4,2014-02-07,3260751,99410,9934,0:21:09,44,1269
469,469,UC-lHJZR3Gqxm24_Vd_AJ5Yw,QsS-fbP2l7k,SHARK VS OCTOPUS! - Octodad - ENDING! - Part 7,2014-02-04,7265667,147866,10414,0:12:34,46,754
470,470,UC-lHJZR3Gqxm24_Vd_AJ5Yw,ehlDaAcwvTY,Octodad - SECRET OCTOPUS?! - Part 3,2014-01-30,4711513,206488,8555,0:12:16,35,736
471,471,UC-lHJZR3Gqxm24_Vd_AJ5Yw,lQz6xhlOt18,FLAPPY BIRD - DONT PLAY THIS GAME!,2014-01-28,37687664,941717,78560,0:09:46,34,586
472,472,UC-lHJZR3Gqxm24_Vd_AJ5Yw,vQ9Mi--YcmA,SENPAI NOTICED ME! - GTA 5 - Part 2,2014-01-24,13409970,340772,35590,0:08:19,35,499
473,473,UC-lHJZR3Gqxm24_Vd_AJ5Yw,k8G_sdtTbiE,SEXIEST ARMOUR EVER! - Dark Souls - Part 12,2014-01-12,6281294,140671,7430,0:10:46,43,646
474,474,UC-lHJZR3Gqxm24_Vd_AJ5Yw,esVdcPv1g6E,TERRIFYING MONSTERS! - Dark Souls - Part 11,2014-01-06,4952338,144614,7958,0:11:22,43,682
475,475,UC-lHJZR3Gqxm24_Vd_AJ5Yw,H54GlASBJAs,ORNSTEIN AND SMOUGH - Dark Souls - Part 10,2013-12-26,6316108,165688,11150,0:06:44,42,404
476,476,UC-lHJZR3Gqxm24_Vd_AJ5Yw,YVhDbYt_awA,BADASS CLEMENTINE! - The Walking Dead: Season 2 - Part 3 - Gameplay / Walkthrough,2013-12-18,7561174,192485,20886,0:25:01,81,1501
477,477,UC-lHJZR3Gqxm24_Vd_AJ5Yw,Tilvxc1LPrM,The Walking Dead: Season 2 Gameplay - Part 1 - Playthrough - CLEMENTINE IS BACK!,2013-12-17,12926200,250362,21427,0:20:04,80,1204
478,478,UC-lHJZR3Gqxm24_Vd_AJ5Yw,5YoIIfODkX4,F@#%K WRECKING BALLS! - Dark Souls - Part 9,2013-12-16,4956810,140223,7919,0:13:53,43,833
479,479,UC-lHJZR3Gqxm24_Vd_AJ5Yw,XCPhOg5zSGs,THE HOTTEST BOSS? - Dark Souls - Part 8,2013-12-10,8545275,175484,9791,0:10:06,39,606
480,480,UC-lHJZR3Gqxm24_Vd_AJ5Yw,f3CvL7vPKG8,SCARIEST MONSTER EVER! - Dark Souls - Part 6,2013-12-02,4711301,128057,6380,0:05:04,44,304
481,481,UC-lHJZR3Gqxm24_Vd_AJ5Yw,MouwCIDUPlg,I CHEATED! - Dark Souls - Part 4,2013-11-30,5085229,151034,6944,0:11:41,32,701
482,482,UC-lHJZR3Gqxm24_Vd_AJ5Yw,L1VCOp5eplE,SCARIER THAN AMNESIA!  - Dark Souls - Part 3,2013-11-29,4830841,156207,8612,0:10:05,44,605
483,483,UC-lHJZR3Gqxm24_Vd_AJ5Yw,mY3D915j0iM,TURBO DISMOUNT! - Part 1,2013-11-27,7503139,154032,8125,0:07:50,24,470
484,484,UC-lHJZR3Gqxm24_Vd_AJ5Yw,z-3xIw730pg,WORLDS MOST OFFENSIVE GAME? - (Fridays With PewDiePie - Part 73),2013-11-24,42320266,874761,60549,0:08:11,64,491
485,485,UC-lHJZR3Gqxm24_Vd_AJ5Yw,MjW9SStz2cs,GREATEST STORY EVER TOLD - Overcast: Walden and the Werewolf,2013-11-12,2012663,73715,8,0:14:43,60,883
486,486,UC-lHJZR3Gqxm24_Vd_AJ5Yw,qbcbB7Pp5Io,WHAT'S IT LIKE BEING A CHICKEN? (Oculus Rift),2013-11-08,5851998,142819,10072,0:11:10,45,670
487,487,UC-lHJZR3Gqxm24_Vd_AJ5Yw,Vaqb4hMBdfM,"ENDING... - Beyond: Two Souls - Gameplay, Walkthrough - Part 17 - Final",2013-10-24,3353847,147234,42234,0:17:15,71,1035
488,488,UC-lHJZR3Gqxm24_Vd_AJ5Yw,jz4xXvfty6s,MY WIFE IS AWESOME! - The Stanley Parable - #3,2013-10-24,5194143,122008,16124,0:13:32,46,812
489,489,UC-lHJZR3Gqxm24_Vd_AJ5Yw,QcmrD0cTthc,"DAT TWIST THOU... - Beyond: Two Souls - Gameplay, Walkthrough - Part 16",2013-10-23,3117742,119542,29573,0:28:07,71,1687
490,490,UC-lHJZR3Gqxm24_Vd_AJ5Yw,XWMAXwLF8pU,"OUR FINAL MISSION! - Beyond: Two Souls - Gameplay, Walkthrough - Part 13",2013-10-20,3814252,127451,22180,0:25:35,72,1535
491,491,UC-lHJZR3Gqxm24_Vd_AJ5Yw,cISWxaayz6A,GAMECEPTION! - The Stanley Parable - #2,2013-10-20,2921629,104473,13649,0:19:05,39,1145
492,492,UC-lHJZR3Gqxm24_Vd_AJ5Yw,XQJhbhC05EE,"MANLY TEARS! - Beyond: Two Souls - Gameplay, Walkthrough - Part 12",2013-10-19,4094869,119798,23279,0:26:41,66,1601
493,493,UC-lHJZR3Gqxm24_Vd_AJ5Yw,dFbAnPBB690,"WORST DATE EVER! - Beyond: Two Souls - Gameplay, Walkthrough - Part 10",2013-10-17,4811398,125774,23771,0:34:55,70,2095
494,494,UC-lHJZR3Gqxm24_Vd_AJ5Yw,kJY95LPjzlo,"DONT MESS WITH INDIANS! - Beyond: Two Souls - Gameplay, Walkthrough - Part 9",2013-10-16,4068833,142815,29736,0:35:12,76,2112
495,495,UC-lHJZR3Gqxm24_Vd_AJ5Yw,wnCWpPtL0Jo,"WTF ENDING! -  The Wolf Among Us - Gameplay, Playthrough - Part 6 - Final",2013-10-16,2595092,80777,12667,0:07:14,73,434
496,496,UC-lHJZR3Gqxm24_Vd_AJ5Yw,kSb2rmREiQ4,"LIFE AT THE FARM - Beyond: Two Souls - Gameplay, Walkthrough - Part 8",2013-10-15,4231815,134926,23070,0:41:09,69,2469
497,497,UC-lHJZR3Gqxm24_Vd_AJ5Yw,P3UQMqojJrg,"MY ARM! - The Wolf Among Us - Gameplay, Playthrough - Part 5",2013-10-15,3115069,74464,65406,0:27:16,60,1636
498,498,UC-lHJZR3Gqxm24_Vd_AJ5Yw,AxoDPIFJYcE,"MY NEW LOOK! - Beyond: Two Souls - Gameplay, Walkthrough - Part 7",2013-10-14,4968520,153940,23577,0:37:17,65,2237
499,499,UC-lHJZR3Gqxm24_Vd_AJ5Yw,fLRCCDWKknA,"DETECTIVE PEWDS IN ACTION! - The Wolf Among Us - Gameplay, Playthrough - Part 4",2013-10-14,2885786,79798,8560,0:21:06,79,1266
500,500,UC-lHJZR3Gqxm24_Vd_AJ5Yw,kJY95LPjzlo,"DONT MESS WITH INDIANS! - Beyond: Two Souls - Gameplay, Walkthrough - Part 9",2013-10-16,4068833,142815,29736,0:35:12,76,2112
501,501,UC-lHJZR3Gqxm24_Vd_AJ5Yw,wnCWpPtL0Jo,"WTF ENDING! -  The Wolf Among Us - Gameplay, Playthrough - Part 6 - Final",2013-10-16,2595092,80777,12667,0:07:14,73,434
502,502,UC-lHJZR3Gqxm24_Vd_AJ5Yw,kSb2rmREiQ4,"LIFE AT THE FARM - Beyond: Two Souls - Gameplay, Walkthrough - Part 8",2013-10-15,4231815,134926,23070,0:41:09,69,2469
