,channel_id,video_id,video_title,published_date,views,likes,comments,duration,category_id,URL
0,UC-lHJZR3Gqxm24_Vd_AJ5Yw,_flqrzcGhrE,I survived being Alone In The Dark...,2024-03-15T10:00:28Z,1043073,82518,2716,PT24M15S,20,https://www.youtube.com/watch?v=_flqrzcGhrE
1,UC-lHJZR3Gqxm24_Vd_AJ5Yw,YWrFNoTXbKs,Our Winter Trip!,2024-03-08T17:30:04Z,1314907,93991,3396,PT23M27S,20,https://www.youtube.com/watch?v=YWrFNoTXbKs
2,UC-lHJZR3Gqxm24_Vd_AJ5Yw,wycmfVWKWlw,Only 99.9% Can SOLVE this - Brain It On,2023-04-29T00:42:11Z,2959241,204992,4370,PT14M48S,24,https://www.youtube.com/watch?v=wycmfVWKWlw
3,UC-lHJZR3Gqxm24_Vd_AJ5Yw,DEgt25yYidY,Gordon Ramsey VS Woman in COMPLETE denial,2023-02-15T01:35:11Z,4441747,203208,5733,PT24M6S,24,https://www.youtube.com/watch?v=DEgt25yYidY
4,UC-lHJZR3Gqxm24_Vd_AJ5Yw,vDZHCYCd5Bo,My 7 Billion $ Setup Tour,2022-07-01T00:06:28Z,6624830,353406,11503,PT22M3S,20,https://www.youtube.com/watch?v=vDZHCYCd5Bo
5,UC-lHJZR3Gqxm24_Vd_AJ5Yw,D0-IrQY4ix8,Why Japan?,2022-06-06T12:31:29Z,5014148,318658,11090,PT25M20S,20,https://www.youtube.com/watch?v=D0-IrQY4ix8
6,UC-lHJZR3Gqxm24_Vd_AJ5Yw,yNsIh0ciYiI,This show is PEAK Entertainment!,2022-05-23T07:30:13Z,6376010,332991,9497,PT16M11S,20,https://www.youtube.com/watch?v=yNsIh0ciYiI
7,UC-lHJZR3Gqxm24_Vd_AJ5Yw,F-yEoHL7MYY,I tÃ∂rÃ∂iÃ∂eÃ∂dÃ∂ Ã∂tÃ∂oÃ∂ beat Elden Ring Without Dying..,2022-04-30T16:40:18Z,11779248,477576,15165,PT53M47S,20,https://www.youtube.com/watch?v=F-yEoHL7MYY
8,UC-lHJZR3Gqxm24_Vd_AJ5Yw,Ahzrv1TQGHY,Caught in 4K..,2022-04-24T16:11:07Z,3475744,215404,5235,PT13M14S,24,https://www.youtube.com/watch?v=Ahzrv1TQGHY
9,UC-lHJZR3Gqxm24_Vd_AJ5Yw,-fWXLAkHmxA,Hitman VR is Hilariously Bad..,2022-03-29T18:24:38Z,3857825,213197,6121,PT19M43S,20,https://www.youtube.com/watch?v=-fWXLAkHmxA
10,UC-lHJZR3Gqxm24_Vd_AJ5Yw,73XDeGdl94w,My Workout (10% Muscle increase),2022-03-18T19:08:34Z,4069630,238502,10100,PT20M58S,24,https://www.youtube.com/watch?v=73XDeGdl94w
11,UC-lHJZR3Gqxm24_Vd_AJ5Yw,JpnDfDPinPk,This was not what I expected..,2022-03-12T17:15:01Z,2122192,134018,5577,PT20M41S,24,https://www.youtube.com/watch?v=JpnDfDPinPk
12,UC-lHJZR3Gqxm24_Vd_AJ5Yw,PV4NGwn_xdI,Elden Ring #1 - 0 DEATH PLAYTHROUGH,2022-02-24T15:00:10Z,5199745,192311,4309,PT13M38S,20,https://www.youtube.com/watch?v=PV4NGwn_xdI
13,UC-lHJZR3Gqxm24_Vd_AJ5Yw,kWigaAi0kdE,My 6 Billion $ Setup Tour,2022-02-08T16:46:20Z,10465188,644208,18780,PT21M43S,20,https://www.youtube.com/watch?v=kWigaAi0kdE
14,UC-lHJZR3Gqxm24_Vd_AJ5Yw,LsWwhmy8wf0,My Minecraft House Tour - Minecraft Hardcore #24,2021-12-30T17:10:15Z,4644836,273691,10657,PT18M21S,20,https://www.youtube.com/watch?v=LsWwhmy8wf0
15,UC-lHJZR3Gqxm24_Vd_AJ5Yw,D0fte0DEOHs,Spiderman fans please explain yourselves..  #97[REDDIT REVIEW] /r/blursedimages,2021-12-26T20:18:29Z,3053152,211193,4671,PT10M30S,24,https://www.youtube.com/watch?v=D0fte0DEOHs
16,UC-lHJZR3Gqxm24_Vd_AJ5Yw,nDZZPF9_zwU,Next Gen Graphics Is Kinda Nuts..,2021-12-22T19:19:27Z,3542731,204635,6265,PT11M27S,20,https://www.youtube.com/watch?v=nDZZPF9_zwU
17,UC-lHJZR3Gqxm24_Vd_AJ5Yw,Iq8UqxCaeQY,I Fell Into The New Minecraft Lush Cave! - Minecraft Hardcore #22,2021-12-14T17:28:20Z,4232009,260830,7090,PT16M56S,20,https://www.youtube.com/watch?v=Iq8UqxCaeQY
18,UC-lHJZR3Gqxm24_Vd_AJ5Yw,Ku1ykhGP764,Youtube copyright seriously pisses me off.. üì∞PEW NEWS üì∞,2021-12-09T17:31:37Z,3071617,306630,11442,PT8M52S,24,https://www.youtube.com/watch?v=Ku1ykhGP764
19,UC-lHJZR3Gqxm24_Vd_AJ5Yw,hpD_4nWEFaA,THIS... Is How You're Supposed To Eat A Pizza..,2021-11-30T15:24:48Z,3250650,221434,12852,PT20M10S,24,https://www.youtube.com/watch?v=hpD_4nWEFaA
20,UC-lHJZR3Gqxm24_Vd_AJ5Yw,sA2bR0BRfVY,Mr Beast Squid Game Review,2021-11-26T15:56:14Z,8228543,585412,13381,PT19M7S,24,https://www.youtube.com/watch?v=sA2bR0BRfVY
21,UC-lHJZR3Gqxm24_Vd_AJ5Yw,uGrdwFhaBzM,People Still Believe This????????,2021-11-24T17:02:55Z,2500769,180333,6392,PT13M14S,24,https://www.youtube.com/watch?v=uGrdwFhaBzM
22,UC-lHJZR3Gqxm24_Vd_AJ5Yw,CF3jK8ai0l4,New GTA Definitive Edition is hilariously bad,2021-11-19T17:15:01Z,4055670,282785,9061,PT9M30S,20,https://www.youtube.com/watch?v=CF3jK8ai0l4
23,UC-lHJZR3Gqxm24_Vd_AJ5Yw,kqtCekkWmig,Ive considered steroids - Jubilee React #22,2021-11-17T16:19:32Z,3201935,193955,8592,PT18M44S,24,https://www.youtube.com/watch?v=kqtCekkWmig
24,UC-lHJZR3Gqxm24_Vd_AJ5Yw,Z-JkdGYAHl4,YouTube Removed The Dislike Button.. üì∞PEW NEWS üì∞,2021-11-11T17:31:57Z,5233826,534717,39849,PT9M19S,20,https://www.youtube.com/watch?v=Z-JkdGYAHl4
25,UC-lHJZR3Gqxm24_Vd_AJ5Yw,APAp8Tgzcf8,Travis Scott Apology Review üì∞PEW NEWS üì∞,2021-11-09T17:11:22Z,7413926,620992,24802,PT8M22S,24,https://www.youtube.com/watch?v=APAp8Tgzcf8
26,UC-lHJZR3Gqxm24_Vd_AJ5Yw,EuEe3WKpbCo,7 Reasons Why Sinks Are Bad.,2021-11-08T14:51:41Z,2268023,257682,15948,PT8M1S,24,https://www.youtube.com/watch?v=EuEe3WKpbCo
27,UC-lHJZR3Gqxm24_Vd_AJ5Yw,zBO12dt7tHk,Jacksepticeye Slapped Me,2021-11-04T18:04:11Z,2909859,264242,7465,PT10M2S,24,https://www.youtube.com/watch?v=zBO12dt7tHk
28,UC-lHJZR3Gqxm24_Vd_AJ5Yw,1jNhkC4-rYk,Guy Takes The Fattest L - Jubilee React #21,2021-11-02T17:16:16Z,4025797,217122,7529,PT13M17S,24,https://www.youtube.com/watch?v=1jNhkC4-rYk
29,UC-lHJZR3Gqxm24_Vd_AJ5Yw,5ZB4_-NPojk,Why I Gave Away My 100Mil Award.. LWIAY #00169,2021-10-25T18:14:40Z,3206249,246573,10682,PT13M27S,20,https://www.youtube.com/watch?v=5ZB4_-NPojk
30,UC-lHJZR3Gqxm24_Vd_AJ5Yw,TvSyE6XGAeQ,I Followed A Forbidden Recipe..,2021-10-21T18:06:59Z,3526274,276176,15232,PT11M30S,20,https://www.youtube.com/watch?v=TvSyE6XGAeQ
31,UC-lHJZR3Gqxm24_Vd_AJ5Yw,s8HRA--2oBI,I Met PewDiePie in YouTubers Life 2,2021-10-15T16:40:36Z,2863819,200404,5170,PT20M35S,20,https://www.youtube.com/watch?v=s8HRA--2oBI
32,UC-lHJZR3Gqxm24_Vd_AJ5Yw,GR--y1q7wbs,What a MILLION Dollars Gets You Around the World?,2021-09-28T17:37:04Z,5650833,257843,11809,PT31M15S,20,https://www.youtube.com/watch?v=GR--y1q7wbs
33,UC-lHJZR3Gqxm24_Vd_AJ5Yw,RvcULPVLBpA,Trying to Explain Parallel Universes With My Last 2 Remaining IQ,2021-09-07T17:10:55Z,2093963,174036,13591,PT32M45S,20,https://www.youtube.com/watch?v=RvcULPVLBpA
34,UC-lHJZR3Gqxm24_Vd_AJ5Yw,bWHmYGw7qAc,Family Guy Called Me Out... LWIAY #00170,2021-08-30T15:27:00Z,6310247,379236,11965,PT13M5S,20,https://www.youtube.com/watch?v=bWHmYGw7qAc
35,UC-lHJZR3Gqxm24_Vd_AJ5Yw,gvjXMXx8ok4,Checking out Naraka,2021-08-15T17:25:39Z,1831788,55067,1233,PT2H48M54S,20,https://www.youtube.com/watch?v=gvjXMXx8ok4
36,UC-lHJZR3Gqxm24_Vd_AJ5Yw,666G9lbzIHk,How Fish Is Made (HowItsMade #2),2021-08-03T16:09:29Z,5169837,319659,18086,PT13M53S,20,https://www.youtube.com/watch?v=666G9lbzIHk
37,UC-lHJZR3Gqxm24_Vd_AJ5Yw,fRG2VIBWvN0,Kids Describe Colour To A Blind Person,2021-07-31T17:46:43Z,3140459,231402,10468,PT16M43S,24,https://www.youtube.com/watch?v=fRG2VIBWvN0
38,UC-lHJZR3Gqxm24_Vd_AJ5Yw,zBTO5HeHGYc,Top 10 Streamers Caught Cheating,2021-07-15T17:45:03Z,6929902,457921,21246,PT11M59S,20,https://www.youtube.com/watch?v=zBTO5HeHGYc
39,UC-lHJZR3Gqxm24_Vd_AJ5Yw,pTcjuMm7yOw,BTS stan changes race to Korean..,2021-07-02T17:29:13Z,5421231,445385,47453,PT12M44S,20,https://www.youtube.com/watch?v=pTcjuMm7yOw
40,UC-lHJZR3Gqxm24_Vd_AJ5Yw,8GU3jWgz3m4,NEVER Bring Your Minecraft Axolotl to the Nether....... - Minecraft Hardcore #20,2021-06-19T16:43:03Z,6078792,372752,13059,PT24M10S,20,https://www.youtube.com/watch?v=8GU3jWgz3m4
41,UC-lHJZR3Gqxm24_Vd_AJ5Yw,eBUubfkc7kg,Strangers Rank Their Intelligence Is KARMA - Jubilee React #18,2021-06-04T17:14:40Z,9239041,604392,38739,PT21M21S,20,https://www.youtube.com/watch?v=eBUubfkc7kg
42,UC-lHJZR3Gqxm24_Vd_AJ5Yw,uVNautEM2Ug,Biomutant - New Game LIVE,2021-05-16T20:17:30Z,6455815,114249,2931,PT3H55M18S,20,https://www.youtube.com/watch?v=uVNautEM2Ug
43,UC-lHJZR3Gqxm24_Vd_AJ5Yw,KvayJaRMsx4,Shy Kid Gets Humiliated At School Ft. PewDiePie | Jacksepticeye  -  LWIAY #00159,2021-04-29T16:39:30Z,3751818,306055,11232,PT13M,20,https://www.youtube.com/watch?v=KvayJaRMsx4
44,UC-lHJZR3Gqxm24_Vd_AJ5Yw,HORIiz_9Q4M,How much does Pewdiepie Make,2021-04-07T14:27:54Z,5641027,499778,24056,PT11M53S,20,https://www.youtube.com/watch?v=HORIiz_9Q4M
45,UC-lHJZR3Gqxm24_Vd_AJ5Yw,0iyIdto1Whg,Cringe Compilations Needs to be STOPPED /r/Cringe  #87[REDDIT REVIEW],2021-04-02T18:08:51Z,7214548,410424,16331,PT21M52S,20,https://www.youtube.com/watch?v=0iyIdto1Whg
46,UC-lHJZR3Gqxm24_Vd_AJ5Yw,Oh1erg3YrHM,Seniors Needs to be STOPPED!,2021-03-31T17:33:54Z,7677705,331170,19631,PT37M8S,20,https://www.youtube.com/watch?v=Oh1erg3YrHM
47,UC-lHJZR3Gqxm24_Vd_AJ5Yw,C24s3SA0IHE,The Biggest Liar Cheapstake! - TLC #16,2021-03-05T17:45:01Z,5097804,310382,14003,PT11M9S,20,https://www.youtube.com/watch?v=C24s3SA0IHE
48,UC-lHJZR3Gqxm24_Vd_AJ5Yw,tzgB8n0gf7A,Mr Beast... I am SO SORRY! - LWIAY #00152,2021-03-02T17:15:02Z,7176478,537894,20258,PT14M44S,20,https://www.youtube.com/watch?v=tzgB8n0gf7A
49,UC-lHJZR3Gqxm24_Vd_AJ5Yw,y9Z0q4HsbW0,Stardew Valley - Part 1 - Cope Stream,2021-02-21T19:02:13Z,5010994,155711,5166,PT5H33M26S,20,https://www.youtube.com/watch?v=y9Z0q4HsbW0
50,UC-lHJZR3Gqxm24_Vd_AJ5Yw,FWPWrz7pIz4,I Love Kids -  - LWIAY #00151,2021-02-17T17:55:35Z,6760131,588766,31430,PT12M49S,20,https://www.youtube.com/watch?v=FWPWrz7pIz4
51,UC-lHJZR3Gqxm24_Vd_AJ5Yw,YY8fa9ymFwM,My Face Reveal 2.0 - LWIAY #00149,2021-02-02T17:20:38Z,4735903,418577,33242,PT11M43S,20,https://www.youtube.com/watch?v=YY8fa9ymFwM
52,UC-lHJZR3Gqxm24_Vd_AJ5Yw,zvpVRTobCC0,Reacting to Winning Most Handsome Face 2020,2020-12-29T18:10:44Z,8609148,676711,20800,PT18M29S,20,https://www.youtube.com/watch?v=zvpVRTobCC0
53,UC-lHJZR3Gqxm24_Vd_AJ5Yw,iROAUHfCrnU,Cyberpunk - pART 5,2020-12-17T18:03:38Z,1968781,50075,2355,PT2H52M22S,20,https://www.youtube.com/watch?v=iROAUHfCrnU
54,UC-lHJZR3Gqxm24_Vd_AJ5Yw,jAhfePpDMjo,I actually hate this - Minecraft Hardcore #5,2020-12-17T17:59:12Z,6114183,379635,17970,PT24M14S,20,https://www.youtube.com/watch?v=jAhfePpDMjo
55,UC-lHJZR3Gqxm24_Vd_AJ5Yw,OuvfUfobOCg,I'm Quitting Minecraft Forever..  - Minecraft Hardcore #4,2020-12-15T18:15:18Z,7065293,444591,19532,PT26M23S,20,https://www.youtube.com/watch?v=OuvfUfobOCg
56,UC-lHJZR3Gqxm24_Vd_AJ5Yw,9TfbfS7dbKc,I Made a Huge Mistake in the Nether - Minecraft Hardcore #3,2020-12-11T18:12:25Z,6089163,370370,16621,PT22M45S,20,https://www.youtube.com/watch?v=9TfbfS7dbKc
57,UC-lHJZR3Gqxm24_Vd_AJ5Yw,QNNNnvWOirE,Never Dig Straight Down... Minecraft Hardcore #2,2020-12-09T21:17:35Z,7578817,460040,21304,PT21M55S,20,https://www.youtube.com/watch?v=QNNNnvWOirE
58,UC-lHJZR3Gqxm24_Vd_AJ5Yw,jLuMFyAL61Q,Minecraft But I regret Everything.. - Minecraft Hardcore #1,2020-12-07T17:15:01Z,10870495,703788,33215,PT21M23S,20,https://www.youtube.com/watch?v=jLuMFyAL61Q
59,UC-lHJZR3Gqxm24_Vd_AJ5Yw,9NEhkqbRM9Y,Ranking Guys Based on Apperance -  Jubilee React #16,2020-12-01T17:15:00Z,6931820,476733,25257,PT16M58S,20,https://www.youtube.com/watch?v=9NEhkqbRM9Y
60,UC-lHJZR3Gqxm24_Vd_AJ5Yw,d4A9cwhWWXY,Going Through My OLD Instagram (+ announcement),2020-11-18T17:45:01Z,4710458,398976,18677,PT21M18S,20,https://www.youtube.com/watch?v=d4A9cwhWWXY
61,UC-lHJZR3Gqxm24_Vd_AJ5Yw,e0HbhMehcNA,Ranking Girls by Appearance - Jubilee React #15,2020-11-13T18:15:53Z,8498091,555247,39766,PT16M32S,20,https://www.youtube.com/watch?v=e0HbhMehcNA
62,UC-lHJZR3Gqxm24_Vd_AJ5Yw,bdtWVQ-P_7U,What do I regret with my YouTube career? / QnA,2020-11-12T19:41:37Z,3294563,305456,18709,PT18M7S,20,https://www.youtube.com/watch?v=bdtWVQ-P_7U
63,UC-lHJZR3Gqxm24_Vd_AJ5Yw,aCRUFW8R74s,This is absolutely NOT Funny - LWIAY #00141,2020-11-09T18:18:12Z,5769506,433167,21929,PT19M37S,20,https://www.youtube.com/watch?v=aCRUFW8R74s
64,UC-lHJZR3Gqxm24_Vd_AJ5Yw,nDy5xcX21A8,The Ultimate Among Us Impostor Duo - Among Us #10,2020-10-30T18:15:05Z,9236085,534372,17992,PT16M30S,20,https://www.youtube.com/watch?v=nDy5xcX21A8
65,UC-lHJZR3Gqxm24_Vd_AJ5Yw,HVQTldBaMv4,KSI Challenged Me (response).. - LWIAY #00137,2020-10-11T18:05:19Z,7298736,637185,23681,PT17M56S,20,https://www.youtube.com/watch?v=HVQTldBaMv4
66,UC-lHJZR3Gqxm24_Vd_AJ5Yw,__So8JEIfxA,Reacting to Our Child... - LWIAY #00134,2020-09-13T15:31:03Z,7492061,685062,20412,PT18M56S,24,https://www.youtube.com/watch?v=__So8JEIfxA
67,UC-lHJZR3Gqxm24_Vd_AJ5Yw,TXzLgLhgMhQ,I Spent $500 on Magic to Amaze my Wife,2020-09-10T15:10:32Z,7277706,521664,30275,PT14M45S,24,https://www.youtube.com/watch?v=TXzLgLhgMhQ
68,UC-lHJZR3Gqxm24_Vd_AJ5Yw,Na8vHaCLwKc,Among us / I Lie to YouTubers.. // #1,2020-09-09T17:15:33Z,15353192,808524,31186,PT23M29S,20,https://www.youtube.com/watch?v=Na8vHaCLwKc
69,UC-lHJZR3Gqxm24_Vd_AJ5Yw,MhNQm2-Yhoo,No. More. Simping.. üõëüõëüõë - LWIAY #00133,2020-09-06T16:15:03Z,6677632,508168,22473,PT18M19S,24,https://www.youtube.com/watch?v=MhNQm2-Yhoo
70,UC-lHJZR3Gqxm24_Vd_AJ5Yw,wLdOUR_H8gw,Reacting To My Deepfakes..,2020-08-27T17:26:13Z,5543569,399037,15022,PT12M9S,24,https://www.youtube.com/watch?v=wLdOUR_H8gw
71,UC-lHJZR3Gqxm24_Vd_AJ5Yw,ep-01Jl-c-E,Flying Into My House in Flight Simulator 2020,2020-08-26T17:25:59Z,6412624,377629,22515,PT29M24S,24,https://www.youtube.com/watch?v=ep-01Jl-c-E
72,UC-lHJZR3Gqxm24_Vd_AJ5Yw,9EDtbxGxqsg,HmMmMmMmMmMmMmMmMmMHmMmMmMmMmMmMmMmMmMmMmMmMmMmMm #76[REDDIT REVIEW],2020-08-18T16:15:00Z,5608263,495555,25663,PT10M19S,24,https://www.youtube.com/watch?v=9EDtbxGxqsg
73,UC-lHJZR3Gqxm24_Vd_AJ5Yw,pN6ksB3-QJ8,$20 Vs $700 Drink Test.. (epic fail cringe),2020-08-14T17:51:53Z,5004524,461708,25445,PT17M59S,24,https://www.youtube.com/watch?v=pN6ksB3-QJ8
74,UC-lHJZR3Gqxm24_Vd_AJ5Yw,_weuzXU-gWY,Couple Coach React to Pewdiepie & Marzia,2020-07-27T17:30:40Z,6141390,441097,42992,PT15M44S,24,https://www.youtube.com/watch?v=_weuzXU-gWY
75,UC-lHJZR3Gqxm24_Vd_AJ5Yw,Jmr0uCTKi9o,Belle Delphine must be stopped... LWIAY #00127,2020-07-26T16:24:28Z,12331968,858211,35410,PT16M50S,24,https://www.youtube.com/watch?v=Jmr0uCTKi9o
76,UC-lHJZR3Gqxm24_Vd_AJ5Yw,FXTgITg-UAM,Reacting to Sushant Singh Rajput,2020-07-23T17:49:15Z,14231565,1465858,80635,PT23M53S,24,https://www.youtube.com/watch?v=FXTgITg-UAM
77,UC-lHJZR3Gqxm24_Vd_AJ5Yw,Hm2I7KghX_A,Reviewing Your Godlike Minecraft Creations!,2020-07-14T17:32:59Z,6711138,389513,27681,PT19M3S,24,https://www.youtube.com/watch?v=Hm2I7KghX_A
78,UC-lHJZR3Gqxm24_Vd_AJ5Yw,bAlc6UEm7_M,Making A Hot Dog From My Old Job - Cooking With Pewdiepie #2,2020-07-08T17:31:32Z,8106574,609229,52224,PT16M52S,24,https://www.youtube.com/watch?v=bAlc6UEm7_M
79,UC-lHJZR3Gqxm24_Vd_AJ5Yw,vq8pDx78jzw,Human Benchmark TEST Is INSANE!,2020-07-07T17:14:29Z,5558336,377470,24534,PT17M47S,24,https://www.youtube.com/watch?v=vq8pDx78jzw
80,UC-lHJZR3Gqxm24_Vd_AJ5Yw,UTf6zaE1kng,Why is Dad Winning?  [MEME REVIEW] üëè üëè#81,2020-07-06T19:54:13Z,5796001,405176,24206,PT15M3S,24,https://www.youtube.com/watch?v=UTf6zaE1kng
81,UC-lHJZR3Gqxm24_Vd_AJ5Yw,xWltikCALgU,Swedish Pancakes Is The ONLY WAY TO MAKE PANCAKES! - CWPDP #1,2020-06-30T16:26:19Z,7579546,622294,69827,PT14M52S,24,https://www.youtube.com/watch?v=xWltikCALgU
82,UC-lHJZR3Gqxm24_Vd_AJ5Yw,KDCCfyhurXY,The Last of Us 2 - Why Are We Still Here? Just To Suffer... - Part 7,2020-06-26T19:11:04Z,5682071,127155,6606,PT3H20M23S,20,https://www.youtube.com/watch?v=KDCCfyhurXY
83,UC-lHJZR3Gqxm24_Vd_AJ5Yw,o1Lq5UQkuY4,The Last of Us 2 - 10 Hour Abby Speedrun - Part 6,2020-06-25T19:47:39Z,6421487,161861,9714,PT3H15M39S,20,https://www.youtube.com/watch?v=o1Lq5UQkuY4
84,UC-lHJZR3Gqxm24_Vd_AJ5Yw,qHPjiduaSEo,Rating Guys From 0 - 11,2020-06-23T17:08:52Z,9129890,651907,28389,PT14M22S,24,https://www.youtube.com/watch?v=qHPjiduaSEo
85,UC-lHJZR3Gqxm24_Vd_AJ5Yw,Gwmp_-EP75Q,The Last of Us 2 - We Finally Get Vengeance!? - Part 5,2020-06-22T19:08:55Z,6365496,165288,16625,PT4H31M6S,20,https://www.youtube.com/watch?v=Gwmp_-EP75Q
86,UC-lHJZR3Gqxm24_Vd_AJ5Yw,kziZezg0s0Y,Reacting To KSI Reacting To My Reddit - LWIAY #00123,2020-06-21T16:18:26Z,8341589,606886,25497,PT20M30S,24,https://www.youtube.com/watch?v=kziZezg0s0Y
87,UC-lHJZR3Gqxm24_Vd_AJ5Yw,fuPknhfvMAI,The Last of Us 2 -Not Sure What To Feel Anymore Edition - Part 3,2020-06-20T19:10:54Z,7038435,193588,13758,PT4H16M43S,20,https://www.youtube.com/watch?v=fuPknhfvMAI
88,UC-lHJZR3Gqxm24_Vd_AJ5Yw,MMJw0wE2y7c,The Last of Us 2 -WHAT JUST HAPPENED??????????!!! - Part 2,2020-06-19T19:17:01Z,8316576,253468,27048,PT2H14M27S,20,https://www.youtube.com/watch?v=MMJw0wE2y7c
89,UC-lHJZR3Gqxm24_Vd_AJ5Yw,M4gJm8fHOvw,The Last Of Us 2 - Part 1 - IT'S FINALLY HERE!,2020-06-19T11:46:13Z,8116560,343903,26854,PT55M34S,20,https://www.youtube.com/watch?v=M4gJm8fHOvw
90,UC-lHJZR3Gqxm24_Vd_AJ5Yw,8l_ZdLrNbzQ,Woman Want 1 Million Dollars From Her New Husband - TLC #5,2020-06-09T17:08:17Z,14825642,693416,48852,PT21M16S,24,https://www.youtube.com/watch?v=8l_ZdLrNbzQ
91,UC-lHJZR3Gqxm24_Vd_AJ5Yw,_OakD7JziJo,1 Girl Vs 10 Guys with An EPIC Plottwist,2020-06-08T17:52:24Z,7852092,557530,30631,PT19M4S,24,https://www.youtube.com/watch?v=_OakD7JziJo
92,UC-lHJZR3Gqxm24_Vd_AJ5Yw,3-8E1ThMF2c,NEW MINECRAFT GAME | Minecraft Dungeons,2020-05-27T17:54:47Z,4938528,279925,12960,PT19M42S,20,https://www.youtube.com/watch?v=3-8E1ThMF2c
93,UC-lHJZR3Gqxm24_Vd_AJ5Yw,L4q6aK9Zous,I'm Rank #1 in Warface: Breakout!,2020-05-26T18:00:23Z,3292191,214347,16242,PT15M32S,24,https://www.youtube.com/watch?v=L4q6aK9Zous
94,UC-lHJZR3Gqxm24_Vd_AJ5Yw,5UgEXod2RSY,Bye Bye Minecraft  - Part 49,2020-05-22T16:15:00Z,9795491,702263,47460,PT20M48S,24,https://www.youtube.com/watch?v=5UgEXod2RSY
95,UC-lHJZR3Gqxm24_Vd_AJ5Yw,dHX4V1_LGnQ,"I Did The Job Boss, I Did The Job Boss, I Did The Job Boss, I Did #67 [REDDIT REVIEW]",2020-05-19T16:45:01Z,11018009,551384,17341,PT15M16S,24,https://www.youtube.com/watch?v=dHX4V1_LGnQ
96,UC-lHJZR3Gqxm24_Vd_AJ5Yw,5UvWbvRpdY8,Big Ed And His 90 Day Wife BROKE UP?!  Ed & Rose - Part 2,2020-05-14T18:56:11Z,12600011,732356,46304,PT19M38S,24,https://www.youtube.com/watch?v=5UvWbvRpdY8
97,UC-lHJZR3Gqxm24_Vd_AJ5Yw,OiPlipRQkM4,WarThunder - I Joined The Swedish AirForce,2020-05-09T18:33:39Z,5704824,337914,26244,PT14M1S,24,https://www.youtube.com/watch?v=OiPlipRQkM4
98,UC-lHJZR3Gqxm24_Vd_AJ5Yw,wFFS34vcAA0,Minecraft with RTX Looks UNREAL! - Part 47,2020-05-08T18:30:40Z,7959407,487190,25537,PT19M2S,24,https://www.youtube.com/watch?v=wFFS34vcAA0
99,UC-lHJZR3Gqxm24_Vd_AJ5Yw,oNu2nTAduDA,I Trapped Someone in Minecraft for 100 Days.. and this Happened  - Part 46,2020-05-01T16:30:16Z,8691729,506397,27350,PT18M55S,24,https://www.youtube.com/watch?v=oNu2nTAduDA
100,UC-lHJZR3Gqxm24_Vd_AJ5Yw,oNu2nTAduDA,I Trapped Someone in Minecraft for 100 Days.. and this Happened  - Part 46,2020-05-01T16:30:16Z,8691729,506397,27350,PT18M55S,24,https://www.youtube.com/watch?v=oNu2nTAduDA
101,UC-lHJZR3Gqxm24_Vd_AJ5Yw,GB2gnayGlkI,Man Puts Mayo in His Hair....... Ed & Rose - Part 1,2020-04-24T16:45:01Z,16059648,1005347,74679,PT22M4S,24,https://www.youtube.com/watch?v=GB2gnayGlkI
102,UC-lHJZR3Gqxm24_Vd_AJ5Yw,N_8PCKLjJJ4,I Found Infinite GOLD Source in Minecraft - Part 45,2020-04-23T16:02:41Z,12716881,604112,36728,PT22M35S,24,https://www.youtube.com/watch?v=N_8PCKLjJJ4
103,UC-lHJZR3Gqxm24_Vd_AJ5Yw,eoqR4L5B27M,Koreans React To Pewdiepie,2020-04-22T17:11:53Z,7525764,678128,29475,PT15M34S,24,https://www.youtube.com/watch?v=eoqR4L5B27M
104,UC-lHJZR3Gqxm24_Vd_AJ5Yw,INuJXrUQJB0,Do All Millionaires Think The Same? - Jubilee React - 8,2020-04-21T17:54:37Z,8303068,586574,40355,PT19M44S,24,https://www.youtube.com/watch?v=INuJXrUQJB0
105,UC-lHJZR3Gqxm24_Vd_AJ5Yw,yyU9leR9KIU,I Found The Minecraft Bastion!! - Part 44,2020-04-16T17:17:32Z,9361571,550233,32306,PT25M1S,24,https://www.youtube.com/watch?v=yyU9leR9KIU
106,UC-lHJZR3Gqxm24_Vd_AJ5Yw,O54tcW4eupI,Animal Crossing with Marzia,2020-04-15T18:39:21Z,9852766,855547,41569,PT20M,20,https://www.youtube.com/watch?v=O54tcW4eupI
107,UC-lHJZR3Gqxm24_Vd_AJ5Yw,vmCv-5iEjsY,YuGiOh is THE GREATEST Anime of All Time.,2020-04-09T14:11:48Z,6310179,448870,42266,PT17M52S,24,https://www.youtube.com/watch?v=vmCv-5iEjsY
108,UC-lHJZR3Gqxm24_Vd_AJ5Yw,-Wd509Itgno,When Anime Meets English **YLYL**  - YLYL #0070,2020-04-08T16:00:17Z,7776795,501334,29581,PT12M37S,24,https://www.youtube.com/watch?v=-Wd509Itgno
109,UC-lHJZR3Gqxm24_Vd_AJ5Yw,DofeZTYjPLg,DO NOT Ride The New Minecraft Mount! - Part 43,2020-04-06T16:45:00Z,8236065,427118,31763,PT21M47S,24,https://www.youtube.com/watch?v=DofeZTYjPLg
110,UC-lHJZR3Gqxm24_Vd_AJ5Yw,G8YEpH6HtsU,16 Waman COMPETE for 6 Guys (insane reaction) - Jubilee React #5,2020-04-01T17:45:02Z,8361368,576572,24619,PT13M26S,24,https://www.youtube.com/watch?v=G8YEpH6HtsU
111,UC-lHJZR3Gqxm24_Vd_AJ5Yw,JbBda7Ow-pE,Never Go This Deep Down.... - Subnautica - Part 6,2020-03-30T16:45:00Z,5618348,313490,25287,PT23M39S,24,https://www.youtube.com/watch?v=JbBda7Ow-pE
112,UC-lHJZR3Gqxm24_Vd_AJ5Yw,LroxS0COulo,Idubbbz Content Cop,2020-03-29T18:50:53Z,9741138,657963,42007,PT15M23S,24,https://www.youtube.com/watch?v=LroxS0COulo
113,UC-lHJZR3Gqxm24_Vd_AJ5Yw,JpH3Do3xW6k,Stop Harrasing Me! - LWIAY #00112,2020-03-28T17:03:41Z,6688542,545752,22636,PT16M31S,24,https://www.youtube.com/watch?v=JpH3Do3xW6k
114,UC-lHJZR3Gqxm24_Vd_AJ5Yw,aOXAtnb-grk,I Found The New Biome in Minecraft! (Nether Update) - Part 41,2020-03-25T14:30:00Z,9038421,499872,26372,PT19M28S,20,https://www.youtube.com/watch?v=aOXAtnb-grk
115,UC-lHJZR3Gqxm24_Vd_AJ5Yw,HqUuwkzx6QA,My NEW House *101% real*  - Subnautica - Part 3,2020-03-24T16:58:24Z,6622284,341684,24947,PT30M35S,24,https://www.youtube.com/watch?v=HqUuwkzx6QA
116,UC-lHJZR3Gqxm24_Vd_AJ5Yw,n2sGrYEM8Ec,15 Men vs 5 Women is Cringe - Jubilee React #4,2020-03-24T14:10:44Z,11765536,717005,46320,PT22M6S,24,https://www.youtube.com/watch?v=n2sGrYEM8Ec
117,UC-lHJZR3Gqxm24_Vd_AJ5Yw,yi7KGA_i2r8,Half Life Alyx (3) is OUT & it's AMAZING! - Full Playthough,2020-03-23T21:57:25Z,7008621,363556,26316,PT52M56S,24,https://www.youtube.com/watch?v=yi7KGA_i2r8
118,UC-lHJZR3Gqxm24_Vd_AJ5Yw,fq_rzA3RAmY,Worst TIMING I've EVER HAD in a videogame....... - Subnautica - Part 2,2020-03-20T17:31:41Z,6945749,488575,30576,PT27M14S,20,https://www.youtube.com/watch?v=fq_rzA3RAmY
119,UC-lHJZR3Gqxm24_Vd_AJ5Yw,eh6dNp5mkVU,Am I Introverted or Extroverted?! - Jubilee React #3,2020-03-17T17:45:01Z,7748176,450039,31027,PT20M10S,24,https://www.youtube.com/watch?v=eh6dNp5mkVU
120,UC-lHJZR3Gqxm24_Vd_AJ5Yw,WS54qL3GeaI,Subnautica Part 1 (OMG GAME),2020-03-15T17:15:00Z,8665321,572886,38689,PT17M26S,20,https://www.youtube.com/watch?v=WS54qL3GeaI
121,UC-lHJZR3Gqxm24_Vd_AJ5Yw,8HHZiNdrZGA,I Made The WORST Minecraft MISTAKE There Is. .. - Part 40,2020-03-13T17:05:12Z,10666280,542732,31747,PT16M27S,20,https://www.youtube.com/watch?v=8HHZiNdrZGA
122,UC-lHJZR3Gqxm24_Vd_AJ5Yw,kzMyW9TCXp0,The Most OFFENSIVE Subreddit (thick skin only) #62 [REDDIT REVIEW],2020-03-10T17:45:01Z,9034413,480701,20833,PT13M49S,24,https://www.youtube.com/watch?v=kzMyW9TCXp0
123,UC-lHJZR3Gqxm24_Vd_AJ5Yw,1B1f9PGLbIs,I'm Back in Minecraft! - Part 39,2020-03-06T17:15:00Z,15793709,914671,81782,PT18M58S,20,https://www.youtube.com/watch?v=1B1f9PGLbIs
124,UC-lHJZR3Gqxm24_Vd_AJ5Yw,A1iqCa0Qv1c,Dreams - The most UNIQUE game I've EVER PLAYED!,2020-02-25T17:30:02Z,9378253,561492,22333,PT13M20S,24,https://www.youtube.com/watch?v=A1iqCa0Qv1c
125,UC-lHJZR3Gqxm24_Vd_AJ5Yw,F3Xm8c1gtRA,Do all GAMERS THINK the Same? - Jubilee React #1,2020-02-24T17:45:00Z,10403771,645045,33726,PT15M48S,24,https://www.youtube.com/watch?v=F3Xm8c1gtRA
126,UC-lHJZR3Gqxm24_Vd_AJ5Yw,Wv1E7AmzUqI,He payed $150 000 to look like BTS JIMIN,2020-01-11T18:07:05Z,13318126,770326,12362,PT17M19S,24,https://www.youtube.com/watch?v=Wv1E7AmzUqI
127,UC-lHJZR3Gqxm24_Vd_AJ5Yw,pz0hWlevaJ8,5/5 Rated Pewdiepie Fan Game,2020-01-10T18:28:42Z,4960736,260982,8446,PT18M47S,24,https://www.youtube.com/watch?v=pz0hWlevaJ8
128,UC-lHJZR3Gqxm24_Vd_AJ5Yw,HcOw8mxVdvQ,Designs that will make you MAD! #60 [REDDIT REVIEW],2020-01-09T18:03:03Z,13515640,605973,20807,PT18M44S,24,https://www.youtube.com/watch?v=HcOw8mxVdvQ
129,UC-lHJZR3Gqxm24_Vd_AJ5Yw,olx4XJybNhM,I FAILED the EASIEST Test,2020-01-05T18:30:02Z,11189583,564473,19074,PT14M24S,24,https://www.youtube.com/watch?v=olx4XJybNhM
130,UC-lHJZR3Gqxm24_Vd_AJ5Yw,ZddvddGEQg0,Ace of Seafood - The rise of the Anthropods,2020-01-03T18:55:03Z,3929857,206200,12213,PT10M19S,24,https://www.youtube.com/watch?v=ZddvddGEQg0
131,UC-lHJZR3Gqxm24_Vd_AJ5Yw,J5P-7qGkomk,Pigeon Simulator,2019-12-26T18:15:00Z,3655086,207268,16048,PT11M28S,20,https://www.youtube.com/watch?v=J5P-7qGkomk
132,UC-lHJZR3Gqxm24_Vd_AJ5Yw,Sk6_yurXCJg,Jump King - i HATE this game,2019-12-24T17:03:46Z,4520009,275131,23179,PT14M41S,20,https://www.youtube.com/watch?v=Sk6_yurXCJg
133,UC-lHJZR3Gqxm24_Vd_AJ5Yw,LP0MSIfrhHg,World of Tanks - Sweden FINALLY invades the WORLD!,2019-12-18T18:14:56Z,4600741,294198,19247,PT9M52S,20,https://www.youtube.com/watch?v=LP0MSIfrhHg
134,UC-lHJZR3Gqxm24_Vd_AJ5Yw,Ss2d_kngzHo,My game was banned... - Poopdie,2019-12-12T16:42:37Z,4808782,254993,16908,PT19M43S,20,https://www.youtube.com/watch?v=Ss2d_kngzHo
135,UC-lHJZR3Gqxm24_Vd_AJ5Yw,j091EzG2b8s,YouTube Rewind 2019 failed and its my fault!,2019-12-11T17:12:09Z,14151236,1266203,47029,PT14M45S,24,https://www.youtube.com/watch?v=j091EzG2b8s
136,UC-lHJZR3Gqxm24_Vd_AJ5Yw,T2lYBUyslKk,Minecraft Disaster Happened. *almost quit* - Part 38,2019-12-08T17:45:01Z,8519133,369230,23475,PT15M9S,24,https://www.youtube.com/watch?v=T2lYBUyslKk
137,UC-lHJZR3Gqxm24_Vd_AJ5Yw,OvpG-3H8t9M,I made an AC-130 Bomber for my Minecraft dog.,2019-12-06T17:45:10Z,6209975,413488,23193,PT16M13S,24,https://www.youtube.com/watch?v=OvpG-3H8t9M
138,UC-lHJZR3Gqxm24_Vd_AJ5Yw,tshdPNADOm4,I Am Fish,2019-12-04T19:46:05Z,5474289,304404,16281,PT21M24S,24,https://www.youtube.com/watch?v=tshdPNADOm4
139,UC-lHJZR3Gqxm24_Vd_AJ5Yw,eJEMzUd3Tns,I Should Have Listened.... - Terraria - Part 3,2019-12-01T18:13:24Z,8312109,409751,23171,PT26M45S,20,https://www.youtube.com/watch?v=eJEMzUd3Tns
140,UC-lHJZR3Gqxm24_Vd_AJ5Yw,ZzjGNTd76Jg,I take on the STRONGEST Mob in Minecraft,2019-11-30T18:45:37Z,6199166,297414,15353,PT19M20S,24,https://www.youtube.com/watch?v=ZzjGNTd76Jg
141,UC-lHJZR3Gqxm24_Vd_AJ5Yw,yB4Q3ezW9fM,I summoned a forbidden Minecraft Boss - Part 37,2019-11-29T16:45:01Z,7767069,390866,20535,PT15M53S,20,https://www.youtube.com/watch?v=yB4Q3ezW9fM
142,UC-lHJZR3Gqxm24_Vd_AJ5Yw,os_r9wAb8Cc,Terraria - Part 2 - I LOVE this Game!!,2019-11-28T16:38:51Z,8564968,433545,31826,PT26M12S,20,https://www.youtube.com/watch?v=os_r9wAb8Cc
143,UC-lHJZR3Gqxm24_Vd_AJ5Yw,zLfYD2OOtsc,Terraria - Part 1- The most REQUESTED game Ive EVER GOTTEN!,2019-11-26T17:07:26Z,12597387,748855,68315,PT27M48S,24,https://www.youtube.com/watch?v=zLfYD2OOtsc
144,UC-lHJZR3Gqxm24_Vd_AJ5Yw,xejFV2JCmSM,I Built A Cake Ladder in Minecraft to prove god is real - Part 36,2019-11-19T17:40:14Z,7414881,483646,33154,PT13M18S,20,https://www.youtube.com/watch?v=xejFV2JCmSM
145,UC-lHJZR3Gqxm24_Vd_AJ5Yw,VA6SK6gcGn8,I DESTROY people at MY OWN Game,2019-11-17T17:27:01Z,3659483,213081,14777,PT14M30S,20,https://www.youtube.com/watch?v=VA6SK6gcGn8
146,UC-lHJZR3Gqxm24_Vd_AJ5Yw,G5JBZk-DiQU,I made a GIANT Robot Dog for My Minecraft Dog,2019-11-16T16:51:39Z,3884653,272136,16672,PT15M40S,20,https://www.youtube.com/watch?v=G5JBZk-DiQU
147,UC-lHJZR3Gqxm24_Vd_AJ5Yw,JqvdAuuXVyA,I build a Giant Flying Meatball in Minecraft,2019-11-12T18:51:47Z,5417897,377332,17685,PT14M36S,24,https://www.youtube.com/watch?v=JqvdAuuXVyA
148,UC-lHJZR3Gqxm24_Vd_AJ5Yw,mOwX1ZNY2Jc,Minecraft mobs I could beat in a fightüí™ü§¥,2019-11-08T19:09:59Z,6403502,357890,22674,PT16M35S,24,https://www.youtube.com/watch?v=mOwX1ZNY2Jc
149,UC-lHJZR3Gqxm24_Vd_AJ5Yw,F5QWUOAcg_Q,The BROFIST is declared a HATE SYMBOL! (this is bad),2019-11-07T18:22:04Z,6447651,597033,50499,PT9M52S,24,https://www.youtube.com/watch?v=F5QWUOAcg_Q
150,UC-lHJZR3Gqxm24_Vd_AJ5Yw,E0asAgpHvaI,This video is Mildly Infuriating.. /r/mildlyinfuriating #47 [REDDIT REVIEW],2019-10-17T16:13:59Z,12380633,466537,25225,PT22M47S,24,https://www.youtube.com/watch?v=E0asAgpHvaI
151,UC-lHJZR3Gqxm24_Vd_AJ5Yw,2K4_dNwyc5o,Nah. - RL Minecraft - 2,2019-10-14T15:45:01Z,6794443,309507,19427,PT26M56S,20,https://www.youtube.com/watch?v=2K4_dNwyc5o
152,UC-lHJZR3Gqxm24_Vd_AJ5Yw,HKNj9CSzKxA,How to make a Minecraft Creeper NEVER EXPLODE again. (Tutorial) Minecraft - Part 35,2019-10-13T17:42:00Z,8505807,414900,37637,PT20M59S,20,https://www.youtube.com/watch?v=HKNj9CSzKxA
153,UC-lHJZR3Gqxm24_Vd_AJ5Yw,uN-TvWzeEvA,Rip Ohio /r/softwaregore #48 [REDDIT REVIEW],2019-10-06T18:33:47Z,11961638,537073,74917,PT19M37S,24,https://www.youtube.com/watch?v=uN-TvWzeEvA
154,UC-lHJZR3Gqxm24_Vd_AJ5Yw,q2cbCsy9gRk,Untitled Goose Game. is epic,2019-09-26T14:07:40Z,11160782,378182,19394,PT1H19M36S,20,https://www.youtube.com/watch?v=q2cbCsy9gRk
155,UC-lHJZR3Gqxm24_Vd_AJ5Yw,2D2vWXt1uII,This building will change Minecraft FOREVER  Minecraft - Part 34,2019-09-22T15:15:02Z,12570665,692973,53466,PT18M51S,20,https://www.youtube.com/watch?v=2D2vWXt1uII
156,UC-lHJZR3Gqxm24_Vd_AJ5Yw,V-4sLymIv0M,I played Minecraft Hardcore for 12 Hours (bad things happened),2019-09-18T16:12:48Z,19005073,809834,65919,PT12H2M49S,20,https://www.youtube.com/watch?v=V-4sLymIv0M
157,UC-lHJZR3Gqxm24_Vd_AJ5Yw,PDvNrq93ktI,What does 10 000 BELLS in Minecraft sound like? - Part 33,2019-09-14T17:10:53Z,14350125,758967,64250,PT18M30S,20,https://www.youtube.com/watch?v=PDvNrq93ktI
158,UC-lHJZR3Gqxm24_Vd_AJ5Yw,Wm-HtcQ48_I,Minecraft just became 10x better! - Part 32,2019-09-09T16:42:18Z,16107013,813375,75116,PT19M35S,20,https://www.youtube.com/watch?v=Wm-HtcQ48_I
159,UC-lHJZR3Gqxm24_Vd_AJ5Yw,dxLU8sFSqGE,This Game Looks UNREAL (World Exclusive) Man of Medan Part 1,2019-08-27T16:45:11Z,14212950,761496,55148,PT58M1S,20,https://www.youtube.com/watch?v=dxLU8sFSqGE
160,UC-lHJZR3Gqxm24_Vd_AJ5Yw,YVxaK8WQhJo,I challenge the Ender Dragon in Minecraft (Ending) - Part 30,2019-08-25T17:55:17Z,21971795,1750143,161861,PT20M56S,20,https://www.youtube.com/watch?v=YVxaK8WQhJo
161,UC-lHJZR3Gqxm24_Vd_AJ5Yw,7PIMiDcwNvc,Marzia & Felix - Wedding 19.08.2019,2019-08-24T15:39:57Z,41041463,5523561,508979,PT6M22S,24,https://www.youtube.com/watch?v=7PIMiDcwNvc
162,UC-lHJZR3Gqxm24_Vd_AJ5Yw,GYpOapkr5MA,Married in Minecraft Epicly - Part 29,2019-08-22T16:28:52Z,23838618,1542544,109316,PT28M46S,20,https://www.youtube.com/watch?v=GYpOapkr5MA
163,UC-lHJZR3Gqxm24_Vd_AJ5Yw,yncoNo7tr2s,We finally play Minecraft! - Minecraft with Marzia - Part 1,2019-08-20T19:26:53Z,23560048,1530354,119939,PT26M23S,20,https://www.youtube.com/watch?v=yncoNo7tr2s
164,UC-lHJZR3Gqxm24_Vd_AJ5Yw,h7n-wXauzPU,The UNTHINKABLE happened in Minecraft - Part 28,2019-08-14T17:42:26Z,23143479,1179103,93472,PT26M50S,20,https://www.youtube.com/watch?v=h7n-wXauzPU
165,UC-lHJZR3Gqxm24_Vd_AJ5Yw,Kbl3b_mmyXE,I tame a Fox in Minecraft (very cute) - Part 27,2019-08-11T16:08:10Z,23054282,1157339,122466,PT29M22S,20,https://www.youtube.com/watch?v=Kbl3b_mmyXE
166,UC-lHJZR3Gqxm24_Vd_AJ5Yw,KDZ9BrrjTV0,We found a Water Sheep in Minecraft! Minecraft w/ Jacksepticeye - Part 2,2019-08-06T16:15:00Z,13218810,572241,31788,PT30M23S,20,https://www.youtube.com/watch?v=KDZ9BrrjTV0
167,UC-lHJZR3Gqxm24_Vd_AJ5Yw,lyG942-zMmg,I've made a HUGE mistake in Minecraft - Part 20,2019-07-27T16:56:54Z,18260152,963771,99688,PT22M44S,20,https://www.youtube.com/watch?v=lyG942-zMmg
168,UC-lHJZR3Gqxm24_Vd_AJ5Yw,l0hait9qXOE,Goodbye my Minecraft horse.. - Part 19,2019-07-24T21:16:06Z,19405944,934328,126030,PT22M25S,20,https://www.youtube.com/watch?v=l0hait9qXOE
169,UC-lHJZR3Gqxm24_Vd_AJ5Yw,y58011M73cQ,Jack Black BURNED down my Minecraft House!!,2019-07-23T16:46:45Z,17704279,898515,57543,PT29M3S,20,https://www.youtube.com/watch?v=y58011M73cQ
170,UC-lHJZR3Gqxm24_Vd_AJ5Yw,3Ag0BzLkaD4,I found the END of Minecraft! - Part 18,2019-07-22T17:46:50Z,22611378,1229209,84767,PT27M3S,20,https://www.youtube.com/watch?v=3Ag0BzLkaD4
171,UC-lHJZR3Gqxm24_Vd_AJ5Yw,dJg1ptpqN2g,I found an Ikea Bird in Minecraft! - Part 17,2019-07-20T17:03:14Z,19251091,984055,106227,PT29M54S,20,https://www.youtube.com/watch?v=dJg1ptpqN2g
172,UC-lHJZR3Gqxm24_Vd_AJ5Yw,RJ2XlUga7Mc,I built a GIANT MEATBALL in Minecraft (emotional) - Part 16,2019-07-18T16:01:50Z,19204194,978451,79197,PT18M37S,20,https://www.youtube.com/watch?v=RJ2XlUga7Mc
173,UC-lHJZR3Gqxm24_Vd_AJ5Yw,s-Us4JlPdF8,Minecraft Hunger Games w/ James Charles,2019-07-17T17:38:05Z,14520301,929372,80284,PT22M54S,20,https://www.youtube.com/watch?v=s-Us4JlPdF8
174,UC-lHJZR3Gqxm24_Vd_AJ5Yw,EtlL3Hfavus,Raiding a Woodland Mansion in Minecraft - Part 15,2019-07-16T16:26:18Z,23186315,1122044,112048,PT28M57S,20,https://www.youtube.com/watch?v=EtlL3Hfavus
175,UC-lHJZR3Gqxm24_Vd_AJ5Yw,XozZYCqNo8Q,Minecraft Skyblock #1,2019-07-14T15:03:25Z,21830695,1333162,76723,PT24M44S,20,https://www.youtube.com/watch?v=XozZYCqNo8Q
176,UC-lHJZR3Gqxm24_Vd_AJ5Yw,yzJokj2gelY,DONT Name Change your Horse in Minecraft to this... - Part 13,2019-07-12T16:30:53Z,21489527,1136734,94944,PT28M26S,20,https://www.youtube.com/watch?v=yzJokj2gelY
177,UC-lHJZR3Gqxm24_Vd_AJ5Yw,p-DPZ6M6-7E,I FOUND an OCEAN TEMPLE in Minecraft! (epic) - Part 11,2019-07-09T17:23:29Z,23850138,1728348,96491,PT31M17S,20,https://www.youtube.com/watch?v=p-DPZ6M6-7E
178,UC-lHJZR3Gqxm24_Vd_AJ5Yw,-Anyq7-N0zY,Saving my Minecraft Dog At ALL COSTS! - Part 10,2019-07-08T18:00:59Z,19646275,1056082,90723,PT21M,20,https://www.youtube.com/watch?v=-Anyq7-N0zY
179,UC-lHJZR3Gqxm24_Vd_AJ5Yw,wHQKij7tATE,I got RAIDED in Minecraft!!! - Part 8,2019-07-03T16:09:57Z,30407870,2689876,138482,PT33M12S,20,https://www.youtube.com/watch?v=wHQKij7tATE
180,UC-lHJZR3Gqxm24_Vd_AJ5Yw,srScJAs2i1c,I found a DOG in Minecraft!!! - Part 7,2019-07-02T17:14:32Z,22076818,1165705,100342,PT29M30S,20,https://www.youtube.com/watch?v=srScJAs2i1c
181,UC-lHJZR3Gqxm24_Vd_AJ5Yw,NTJY_EhT8OM,I found an EPIC treassure in Minecraft  - Part 6,2019-07-01T17:37:58Z,22171677,1170780,60121,PT17M22S,20,https://www.youtube.com/watch?v=NTJY_EhT8OM
182,UC-lHJZR3Gqxm24_Vd_AJ5Yw,YuihlgsgNSo,I slept in the Nether in Minecraft..  - Part 5,2019-06-29T15:58:53Z,23176622,1255331,157027,PT24M13S,20,https://www.youtube.com/watch?v=YuihlgsgNSo
183,UC-lHJZR3Gqxm24_Vd_AJ5Yw,k1mAqt9yKYY,I LOST my horse in Minecraft (REAL TEARS) - Part 4,2019-06-27T18:39:13Z,20512186,978351,70440,PT14M56S,20,https://www.youtube.com/watch?v=k1mAqt9yKYY
184,UC-lHJZR3Gqxm24_Vd_AJ5Yw,zTxxlPGohz0,Minecraft is scary!!! - Part 3,2019-06-25T16:19:22Z,21838923,1337815,95535,PT17M3S,20,https://www.youtube.com/watch?v=zTxxlPGohz0
185,UC-lHJZR3Gqxm24_Vd_AJ5Yw,Wog1Zwx9jV0,Im actually having... FUN? In MINECRAFT (hacked) - Part 2,2019-06-23T16:49:52Z,27392504,1274852,98403,PT22M15S,20,https://www.youtube.com/watch?v=Wog1Zwx9jV0
186,UC-lHJZR3Gqxm24_Vd_AJ5Yw,RsWQfZl-Xtc,"Papers, Please!",2019-06-22T15:30:00Z,11484543,573137,32265,PT50M32S,20,https://www.youtube.com/watch?v=RsWQfZl-Xtc
187,UC-lHJZR3Gqxm24_Vd_AJ5Yw,VGt-BZ-SxGI,Minecraft Part 1,2019-06-21T18:11:46Z,56383711,2647071,151906,PT20M43S,20,https://www.youtube.com/watch?v=VGt-BZ-SxGI
188,UC-lHJZR3Gqxm24_Vd_AJ5Yw,FfgrV7i5jrA,Keanu Reeves,2019-06-17T15:46:54Z,12783710,930655,36889,PT17M36S,24,https://www.youtube.com/watch?v=FfgrV7i5jrA
189,UC-lHJZR3Gqxm24_Vd_AJ5Yw,sCr8DyaR4yI,Can you make the PERFECT hamburger? (part 2),2019-06-16T14:05:26Z,6660323,369049,25941,PT10M10S,24,https://www.youtube.com/watch?v=sCr8DyaR4yI
190,UC-lHJZR3Gqxm24_Vd_AJ5Yw,l-Rbz59uNX8,Reacting to Keanu Reeves Memes - [MEME REVIEW] üëè üëè#60,2019-06-14T15:14:20Z,8904801,494199,17851,PT11M24S,24,https://www.youtube.com/watch?v=l-Rbz59uNX8
191,UC-lHJZR3Gqxm24_Vd_AJ5Yw,yfc4pYRs5T0,E3 2019 Summarized,2019-06-13T16:32:02Z,6060825,337619,20312,PT15M19S,24,https://www.youtube.com/watch?v=yfc4pYRs5T0
192,UC-lHJZR3Gqxm24_Vd_AJ5Yw,CzZ80Dl9Moo,KSI responds üì∞ PEW NEWSüì∞,2019-06-07T16:58:11Z,7183555,392850,42211,PT18M30S,24,https://www.youtube.com/watch?v=CzZ80Dl9Moo
193,UC-lHJZR3Gqxm24_Vd_AJ5Yw,LnO6Yqxx_M8,CRINGE TUESDAYS #1,2019-04-23T17:15:00Z,8330442,497867,26162,PT10M31S,24,https://www.youtube.com/watch?v=LnO6Yqxx_M8
194,UC-lHJZR3Gqxm24_Vd_AJ5Yw,fsbZZT6dZIA,Sekiro Full Gameplay (0 Deaths Run),2019-04-10T18:26:11Z,9058854,374701,30101,PT42M11S,24,https://www.youtube.com/watch?v=fsbZZT6dZIA
195,UC-lHJZR3Gqxm24_Vd_AJ5Yw,qov0ypksviU,What do Indians think of Tseries vs Pewdiepie?,2019-03-09T19:07:39Z,27775621,1864664,193463,PT18M30S,24,https://www.youtube.com/watch?v=qov0ypksviU
196,UC-lHJZR3Gqxm24_Vd_AJ5Yw,q_W4RL3HBdQ,Double Down - The movie that SHOULDVE WON an Oscar!,2019-03-06T19:32:01Z,4031412,232255,17544,PT25M19S,24,https://www.youtube.com/watch?v=q_W4RL3HBdQ
197,UC-lHJZR3Gqxm24_Vd_AJ5Yw,78IfMhVFBLk,QnA with future Wifey,2019-03-03T18:15:00Z,20402147,1291039,94813,PT10M10S,24,https://www.youtube.com/watch?v=78IfMhVFBLk
198,UC-lHJZR3Gqxm24_Vd_AJ5Yw,ilNaQeK2li0,Elon memes everywhere! LWIAY - #0068,2019-03-02T19:28:03Z,7085816,424267,21660,PT11M15S,24,https://www.youtube.com/watch?v=ilNaQeK2li0
199,UC-lHJZR3Gqxm24_Vd_AJ5Yw,X-_K-S10Ccg,GORN - Gameplay - Epic VR,2019-02-26T18:38:55Z,5623696,388613,31690,PT10M59S,20,https://www.youtube.com/watch?v=X-_K-S10Ccg
200,UC-lHJZR3Gqxm24_Vd_AJ5Yw,71FLPvjHVj0,Playing Fortnite to stop Tseries (Im desperate),2019-02-03T19:18:07Z,17368288,940574,47196,PT1H24M18S,20,https://www.youtube.com/watch?v=71FLPvjHVj0
201,UC-lHJZR3Gqxm24_Vd_AJ5Yw,gAAECc0LDy0,The Chinese Star Wars... That no one knows about... (The Battle Wizard),2019-02-01T19:39:30Z,4240045,240186,24508,PT27M22S,24,https://www.youtube.com/watch?v=gAAECc0LDy0
202,UC-lHJZR3Gqxm24_Vd_AJ5Yw,0looVXRbaDk,Genius needs to be stopped!,2019-01-06T18:07:40Z,26145169,1413781,98005,PT14M46S,24,https://www.youtube.com/watch?v=0looVXRbaDk
203,UC-lHJZR3Gqxm24_Vd_AJ5Yw,4E96vYUG7bw,THE MEME AWARDS 2018,2018-12-31T20:44:11Z,10019129,784356,65992,PT20M6S,24,https://www.youtube.com/watch?v=4E96vYUG7bw
204,UC-lHJZR3Gqxm24_Vd_AJ5Yw,pNar3Dh9zDk,I read 721 books in 2018,2018-12-29T17:45:00Z,8506212,617071,55304,PT12M7S,24,https://www.youtube.com/watch?v=pNar3Dh9zDk
205,UC-lHJZR3Gqxm24_Vd_AJ5Yw,qCLmXN1aRrw,Dictator time! - Tropico 6 Beta livestream!,2018-12-09T21:14:18Z,9286099,216818,5551,PT3H51S,24,https://www.youtube.com/watch?v=qCLmXN1aRrw
206,UC-lHJZR3Gqxm24_Vd_AJ5Yw,2kpR0BdouNE,Bich Lasagna V2. - Beat Saber / PART 1,2018-11-22T17:32:39Z,24195180,1357449,68667,PT13M,24,https://www.youtube.com/watch?v=2kpR0BdouNE
207,UC-lHJZR3Gqxm24_Vd_AJ5Yw,ygGb3N_Nko4,The last hope for my channel... LWIAY - #0056,2018-11-21T18:38:03Z,7627895,507981,40883,PT14M33S,24,https://www.youtube.com/watch?v=ygGb3N_Nko4
208,UC-lHJZR3Gqxm24_Vd_AJ5Yw,oJ2IlT9-t00,A message to Obama [MEME REVIEW] üëè üëè#41,2018-11-11T19:41:54Z,6654733,451126,56628,PT10M23S,24,https://www.youtube.com/watch?v=oJ2IlT9-t00
209,UC-lHJZR3Gqxm24_Vd_AJ5Yw,xyXGWB0NVDc,(Deltarune) FULL / Gameplay Part 1 / This Game is Hysterical!,2018-11-03T17:47:46Z,5685048,267439,26065,PT48M38S,24,https://www.youtube.com/watch?v=xyXGWB0NVDc
210,UC-lHJZR3Gqxm24_Vd_AJ5Yw,HBDNbpWSUx8,"Okay, This Is Epic ( Bonus Meme ft. Ben Shapiro) [MEME REVIEW] üëè üëè#40",2018-11-02T19:31:00Z,9376624,832094,96842,PT14M29S,24,https://www.youtube.com/watch?v=HBDNbpWSUx8
211,UC-lHJZR3Gqxm24_Vd_AJ5Yw,w4GReha-6DI,Twitch Con 2018 - VeryEpic Cringe Compilation (funny moments ü§£üòÖ),2018-10-30T17:45:00Z,8921436,418222,25023,PT12M8S,24,https://www.youtube.com/watch?v=w4GReha-6DI
212,UC-lHJZR3Gqxm24_Vd_AJ5Yw,HeZtOmiJGOQ,RATING YOUTUBER APOLOGY VIDEOS,2018-10-26T19:39:38Z,29359276,1202923,54132,PT26M34S,24,https://www.youtube.com/watch?v=HeZtOmiJGOQ
213,UC-lHJZR3Gqxm24_Vd_AJ5Yw,0S6lczYYyuk,TOP 10 FASHION MEMES,2018-10-23T16:39:32Z,9830675,371748,20470,PT18M17S,24,https://www.youtube.com/watch?v=0S6lczYYyuk
214,UC-lHJZR3Gqxm24_Vd_AJ5Yw,EXfTZzT1ilw,The LAST EPISODE  / The Walking Dead / Season 4 / Last Season / Episode 2,2018-09-26T19:37:36Z,6030292,165138,23099,PT2H9M26S,20,https://www.youtube.com/watch?v=EXfTZzT1ilw
215,UC-lHJZR3Gqxm24_Vd_AJ5Yw,gvJ_vJ0NUts,THE (GUCCI) FASHION MEME,2018-09-11T16:42:03Z,4461513,405749,19863,PT10M45S,24,https://www.youtube.com/watch?v=gvJ_vJ0NUts
216,UC-lHJZR3Gqxm24_Vd_AJ5Yw,9F-WPOCOLpI,PLAYING WITH STRANGERS PUBG SQUADS,2018-08-12T16:45:55Z,20062858,889950,48912,PT10M16S,20,https://www.youtube.com/watch?v=9F-WPOCOLpI
217,UC-lHJZR3Gqxm24_Vd_AJ5Yw,rnWBwnnvvOg,THIS PLOTWIST BLEW MY MIND!!!! - Secret end,2018-07-28T18:45:02Z,3504715,136605,18895,PT1H5M,24,https://www.youtube.com/watch?v=rnWBwnnvvOg
218,UC-lHJZR3Gqxm24_Vd_AJ5Yw,gywVPIYxkgU,Detroit: Become Human #2 ALWAYS THANK THE BUSDRIVER,2018-07-22T20:10:13Z,6478761,304982,31210,PT1H7M8S,20,https://www.youtube.com/watch?v=gywVPIYxkgU
219,UC-lHJZR3Gqxm24_Vd_AJ5Yw,w4G77WgjtFQ,No one understands this movie... and why,2018-07-08T23:03:45Z,6158677,375754,27746,PT11M36S,24,https://www.youtube.com/watch?v=w4G77WgjtFQ
220,UC-lHJZR3Gqxm24_Vd_AJ5Yw,W3LWl7T0kNE,YOU LAUGH YOU DIE  - YLYL #0031,2018-07-04T18:48:42Z,7488929,364366,20545,PT10M59S,24,https://www.youtube.com/watch?v=W3LWl7T0kNE
221,UC-lHJZR3Gqxm24_Vd_AJ5Yw,Q3L0gArhmaE,SOMEONE STOP THIS MADMAN! (Flex Tape),2018-06-12T18:30:01Z,12720167,620528,38963,PT10M46S,24,https://www.youtube.com/watch?v=Q3L0gArhmaE
222,UC-lHJZR3Gqxm24_Vd_AJ5Yw,Q6M255BZ0HU,YOU INDIA YOU LOSE  - YLYL #0026,2018-05-11T17:22:37Z,24010965,1096816,219776,PT10M43S,24,https://www.youtube.com/watch?v=Q6M255BZ0HU
223,UC-lHJZR3Gqxm24_Vd_AJ5Yw,sqFVrfinlYk,MARVEL INFINITY WARS DISINTEGRATION MEME MAKES ME HAHA  [MEME REVIEW] üëè üëè #19,2018-05-03T17:08:51Z,5105148,253058,20249,PT10M12S,24,https://www.youtube.com/watch?v=sqFVrfinlYk
224,UC-lHJZR3Gqxm24_Vd_AJ5Yw,BUfl8XW5K6E,STOP BULLIES.  BUY HEADPHONES. #BullyHunters üì∞ PEW NEWSüì∞,2018-04-15T17:30:00Z,4781425,252373,18443,PT12M29S,23,https://www.youtube.com/watch?v=BUfl8XW5K6E
225,UC-lHJZR3Gqxm24_Vd_AJ5Yw,ea2FXcjk3Wo,YOU SERIOUSLY NEED TO STOP POSTING THESE...,2018-04-11T17:45:01Z,6470983,316813,35105,PT13M51S,23,https://www.youtube.com/watch?v=ea2FXcjk3Wo
226,UC-lHJZR3Gqxm24_Vd_AJ5Yw,hZg4-AtRVHQ,dont say it. . . . . . .. . . . .,2018-03-25T16:01:36Z,3147973,197823,6794,PT1M18S,20,https://www.youtube.com/watch?v=hZg4-AtRVHQ
227,UC-lHJZR3Gqxm24_Vd_AJ5Yw,vkA1rFrNLWs,do you know how big my mousepad is?,2018-03-11T17:27:24Z,3778062,224639,9721,PT1M24S,1,https://www.youtube.com/watch?v=vkA1rFrNLWs
228,UC-lHJZR3Gqxm24_Vd_AJ5Yw,gY7qxNOf5f8,FINALLY A GOOD VIDEO GAME.,2018-03-10T17:14:41Z,5373822,262519,24053,PT4M26S,20,https://www.youtube.com/watch?v=gY7qxNOf5f8
229,UC-lHJZR3Gqxm24_Vd_AJ5Yw,oIRiniCbjSE,I AM 1000% DONE,2018-03-02T17:52:37Z,9652985,628803,23631,PT14M39S,20,https://www.youtube.com/watch?v=oIRiniCbjSE
230,UC-lHJZR3Gqxm24_Vd_AJ5Yw,N9-MdqjnW7E,THE KNUCKLES MEME IS OFFICIALLY DEAD - VR Chat #0007,2018-01-25T19:12:16Z,5915898,226297,15883,PT13M25S,20,https://www.youtube.com/watch?v=N9-MdqjnW7E
231,UC-lHJZR3Gqxm24_Vd_AJ5Yw,L-3c6d0EYMA,THE LEGEND OF TINY KNUCKLES - VR Chat #0006,2018-01-17T17:03:29Z,5929289,281051,18244,PT10M39S,20,https://www.youtube.com/watch?v=L-3c6d0EYMA
232,UC-lHJZR3Gqxm24_Vd_AJ5Yw,0bcrbx0e_Cg,Respekt,2018-01-12T19:56:24Z,3719795,283532,12084,PT2M1S,23,https://www.youtube.com/watch?v=0bcrbx0e_Cg
233,UC-lHJZR3Gqxm24_Vd_AJ5Yw,nFmSepfF48o,LOGAN PAUL,2018-01-02T16:36:58Z,37127754,2000036,149151,PT11M2S,24,https://www.youtube.com/watch?v=nFmSepfF48o
234,UC-lHJZR3Gqxm24_Vd_AJ5Yw,qoqGkjDojzo,I AM A THIEF! (Storytime),2017-12-20T17:03:03Z,3153639,197386,9090,PT12M18S,20,https://www.youtube.com/watch?v=qoqGkjDojzo
235,UC-lHJZR3Gqxm24_Vd_AJ5Yw,TsVpk00atGc,THE MOST HATED PERSON ON THE INTERNET (Net Neutrality),2017-11-30T23:28:20Z,5390435,227994,15245,PT11M50S,24,https://www.youtube.com/watch?v=TsVpk00atGc
236,UC-lHJZR3Gqxm24_Vd_AJ5Yw,ISpmBbzrshM,THIS GAME IS THE TRUE MEANING OF SUFFERING. / Getting Over It / #1,2017-11-10T18:20:43Z,15726338,578112,23135,PT12M31S,20,https://www.youtube.com/watch?v=ISpmBbzrshM
237,UC-lHJZR3Gqxm24_Vd_AJ5Yw,7rJUVmo8zmw,"IM IN TEARS, FINALE! South Park The Fractured But Whole | ENDING Part 13",2017-10-28T19:49:10Z,3954375,126961,6684,PT45M5S,20,https://www.youtube.com/watch?v=7rJUVmo8zmw
238,UC-lHJZR3Gqxm24_Vd_AJ5Yw,cet-KqNRZ1E,DID SOUTH PARK STEAL MY LOGO? WOW. South Park The Fractured But Whole | Walkthrough Part 12,2017-10-27T20:00:45Z,3245376,87138,3692,PT40M49S,23,https://www.youtube.com/watch?v=cet-KqNRZ1E
239,UC-lHJZR3Gqxm24_Vd_AJ5Yw,blEN-yLjKgs,The forbidden move - South Park The Fractured But Whole - Part 11,2017-10-26T19:44:49Z,3496550,90978,3809,PT30M46S,23,https://www.youtube.com/watch?v=blEN-yLjKgs
240,UC-lHJZR3Gqxm24_Vd_AJ5Yw,NpskBL6Zpys,IS THAT A PEWDIEPIE REFERENCE?  South Park The Fractured But Whole | Walkthrough Part 9,2017-10-24T21:21:00Z,4423888,105973,5539,PT38M47S,23,https://www.youtube.com/watch?v=NpskBL6Zpys
241,UC-lHJZR3Gqxm24_Vd_AJ5Yw,yNRvu5buFxM,this game is not akward at all - Life is Strange - Season 2 Episode 2,2017-10-23T17:19:42Z,4427653,82650,13828,PT2H24M6S,23,https://www.youtube.com/watch?v=yNRvu5buFxM
242,UC-lHJZR3Gqxm24_Vd_AJ5Yw,PRWX9mErpDs,SPOT THE MICROAGGRESSION - South Park The Fractured But Whole | Walkthrough Gameplay - Part 6,2017-10-21T16:50:40Z,4410406,121456,6246,PT33M18S,23,https://www.youtube.com/watch?v=PRWX9mErpDs
243,UC-lHJZR3Gqxm24_Vd_AJ5Yw,i80gqc24wks,THE ENDING OF THIS WAS THE BEST!! South Park The Fractured But Whole | Walkthrough Gameplay Part 5,2017-10-20T19:26:40Z,4581010,128763,4693,PT33M7S,23,https://www.youtube.com/watch?v=i80gqc24wks
244,UC-lHJZR3Gqxm24_Vd_AJ5Yw,myX1bJ6GvX0,THERES NO WAY I CAN SHOW THIS.... South Park The Fractured But Whole | Walkthrough Part 4,2017-10-19T19:03:44Z,4752206,139740,5556,PT33M18S,23,https://www.youtube.com/watch?v=myX1bJ6GvX0
245,UC-lHJZR3Gqxm24_Vd_AJ5Yw,7FF3tP8jlLg,WHAT IS MY WEAKNESS? - üí® South Park The Fractured But Whole | Walkthrough Gameplay Part 3,2017-10-18T20:17:38Z,5225609,171274,7691,PT32M50S,23,https://www.youtube.com/watch?v=7FF3tP8jlLg
246,UC-lHJZR3Gqxm24_Vd_AJ5Yw,xukgniwV9XU,CANT STOP LAUGHING! - üçë üí® South Park The Fractured But Whole | Walkthrough Gameplay Part 2,2017-10-17T21:57:56Z,6059219,249886,8698,PT28M17S,23,https://www.youtube.com/watch?v=xukgniwV9XU
247,UC-lHJZR3Gqxm24_Vd_AJ5Yw,dU2Vi1rBDuQ,üí® SOUTH PARK THE FRACTURED BUT WHOLE üí® FULL | Walkthrough Gameplay Part 1 - DEMONETIZED EDITION!,2017-10-17T17:24:47Z,9165495,568005,12917,PT27M30S,20,https://www.youtube.com/watch?v=dU2Vi1rBDuQ
248,UC-lHJZR3Gqxm24_Vd_AJ5Yw,4awKvTfgKfU,HOW TO: MAKE SWEDISH MEATBALLS,2017-10-08T18:09:09Z,20170067,819604,51994,PT10M10S,26,https://www.youtube.com/watch?v=4awKvTfgKfU
249,UC-lHJZR3Gqxm24_Vd_AJ5Yw,PX4zk0G4IjM,LIFE IS CRINGE - Life Is Strange - S2E01,2017-09-03T17:17:36Z,9890804,265089,21000,PT2H1M48S,23,https://www.youtube.com/watch?v=PX4zk0G4IjM
250,UC-lHJZR3Gqxm24_Vd_AJ5Yw,UdhWXWEGWL0,Beastmode.,2017-08-06T16:56:53Z,4557658,180700,13048,PT17M26S,23,https://www.youtube.com/watch?v=UdhWXWEGWL0
251,UC-lHJZR3Gqxm24_Vd_AJ5Yw,pRtROLfyV54,THE PURE GAMER SKILL DEMONSTRATED IN THIS VIDEO WILL SHOCK YOU,2017-07-29T17:14:29Z,5078093,178927,11823,PT31M55S,23,https://www.youtube.com/watch?v=pRtROLfyV54
252,UC-lHJZR3Gqxm24_Vd_AJ5Yw,qtdDXGPvk_E,SPONSORED BY SAAB,2017-06-18T17:03:12Z,10764226,411150,32415,PT19M5S,23,https://www.youtube.com/watch?v=qtdDXGPvk_E
253,UC-lHJZR3Gqxm24_Vd_AJ5Yw,OSCi273dx08,CAN'T BELIEVE THIS IS OVER... - The Walking Dead - Season 3 - Episode 5 FINALE,2017-06-07T17:17:39Z,3286189,111111,18748,PT1H15M26S,23,https://www.youtube.com/watch?v=OSCi273dx08
254,UC-lHJZR3Gqxm24_Vd_AJ5Yw,anuJj1YPZRI,IS YOUR CHILD A FAILURE?,2017-04-08T18:17:26Z,3997198,191921,14242,PT11M4S,23,https://www.youtube.com/watch?v=anuJj1YPZRI
255,UC-lHJZR3Gqxm24_Vd_AJ5Yw,LDKED5Nt4PM,W T F A M I W A T C H I N G,2017-03-28T17:25:59Z,5597357,343644,17671,PT5M59S,23,https://www.youtube.com/watch?v=LDKED5Nt4PM
256,UC-lHJZR3Gqxm24_Vd_AJ5Yw,6MEKM2amQ2E,What went wrong here?,2017-03-17T17:46:40Z,6121001,250504,19535,PT10M18S,20,https://www.youtube.com/watch?v=6MEKM2amQ2E
257,UC-lHJZR3Gqxm24_Vd_AJ5Yw,iROLBXa1BkQ,/ The Room / THIS IS GREATEST MOVIE I'VE EVER SEEN,2017-02-27T16:38:54Z,9628145,429758,26497,PT14M1S,23,https://www.youtube.com/watch?v=iROLBXa1BkQ
258,UC-lHJZR3Gqxm24_Vd_AJ5Yw,VLAXxAoWAok,I'M CALLING OUT YOUTUBE!,2017-02-09T16:06:57Z,7625183,464354,45046,PT4M45S,23,https://www.youtube.com/watch?v=VLAXxAoWAok
259,UC-lHJZR3Gqxm24_Vd_AJ5Yw,1keE74XCZTY,GOOD GAME,2017-02-08T16:14:56Z,5009023,228985,19329,PT10M10S,20,https://www.youtube.com/watch?v=1keE74XCZTY
260,UC-lHJZR3Gqxm24_Vd_AJ5Yw,HduaXmGiRTQ,Resident Evil 7: Biohazard - Gameplay - Part 1 - IT'S FRICKIN' TERRIFYING!,2017-01-23T17:36:34Z,17847508,549496,56399,PT37M51S,20,https://www.youtube.com/watch?v=HduaXmGiRTQ
261,UC-lHJZR3Gqxm24_Vd_AJ5Yw,7Vj5M0qKh8g,THE RUBY PLAYBUTTON / YouTube 50 Mil Sub Reward Unbox,2016-12-18T16:04:54Z,91272322,6052941,613844,PT9M59S,24,https://www.youtube.com/watch?v=7Vj5M0qKh8g
262,UC-lHJZR3Gqxm24_Vd_AJ5Yw,JrjGL6q2Ytk,THE ENDING MADE THE GAME AMAZING!! - The Last Guardian - Part 10 ENDING FINAL,2016-12-16T20:00:33Z,3695964,173018,19259,PT55M6S,20,https://www.youtube.com/watch?v=JrjGL6q2Ytk
263,UC-lHJZR3Gqxm24_Vd_AJ5Yw,iyOOciZeAmU,HOLY SHET! - The Last Guardian - Part 6,2016-12-11T16:26:41Z,2201321,115362,7397,PT35M28S,20,https://www.youtube.com/watch?v=iyOOciZeAmU
264,UC-lHJZR3Gqxm24_Vd_AJ5Yw,Y39LE5ZoKjw,DELETING MY CHANNEL,2016-12-09T16:06:33Z,37439182,1842383,197324,PT1M44S,20,https://www.youtube.com/watch?v=Y39LE5ZoKjw
265,UC-lHJZR3Gqxm24_Vd_AJ5Yw,HBrpGpKeEvw,well...,2016-11-23T16:04:06Z,3757292,288442,18975,PT6M51S,20,https://www.youtube.com/watch?v=HBrpGpKeEvw
266,UC-lHJZR3Gqxm24_Vd_AJ5Yw,QLzUWJ0zk5M,I WAITED 6 YEARS TO PLAY THIS..  The Last Guardian -  Demo,2016-10-12T16:52:30Z,14871354,388793,21106,PT22M59S,20,https://www.youtube.com/watch?v=QLzUWJ0zk5M
267,UC-lHJZR3Gqxm24_Vd_AJ5Yw,Igbv2F6xyCA,BATMAN WANTS BATBOOTY **Batman Telltale - Part 1**,2016-09-19T15:18:59Z,3286368,110820,9663,PT1H45M50S,20,https://www.youtube.com/watch?v=Igbv2F6xyCA
268,UC-lHJZR3Gqxm24_Vd_AJ5Yw,9Jc97lB-lo8,HAPPY WHEELS 3D RAGE! + Ainsley Dies,2016-09-17T15:05:43Z,8254170,318079,26900,PT10M28S,20,https://www.youtube.com/watch?v=9Jc97lB-lo8
269,UC-lHJZR3Gqxm24_Vd_AJ5Yw,3SVZ2oXmYbc,HUGE ANNOUNCEMENT!!!,2016-09-11T15:37:01Z,4744995,258914,20085,PT6M29S,20,https://www.youtube.com/watch?v=3SVZ2oXmYbc
270,UC-lHJZR3Gqxm24_Vd_AJ5Yw,ULcPJigycbI,GIRLFRIEND VS BOYFRIEND: CHEF,2016-09-04T15:02:27Z,9485085,417747,18610,PT7M36S,20,https://www.youtube.com/watch?v=ULcPJigycbI
271,UC-lHJZR3Gqxm24_Vd_AJ5Yw,FGZv3VDOnDA,SNAIL RACE 2017,2016-08-06T15:02:29Z,3527526,222582,15617,PT6M2S,20,https://www.youtube.com/watch?v=FGZv3VDOnDA
272,UC-lHJZR3Gqxm24_Vd_AJ5Yw,XdMCyi_Avzc,(WARNING GROSS) CURING MY TRYPOPHOBIA,2016-08-03T15:08:52Z,23565455,775965,100387,PT7M19S,20,https://www.youtube.com/watch?v=XdMCyi_Avzc
273,UC-lHJZR3Gqxm24_Vd_AJ5Yw,TyErLoiNNy4,"MY FRIEND DIED, SAD STORY PLEASE WATCH JK ITS ABZU (Abzu  - Part 2)",2016-08-02T19:01:53Z,3124944,133255,15589,PT22M38S,20,https://www.youtube.com/watch?v=TyErLoiNNy4
274,UC-lHJZR3Gqxm24_Vd_AJ5Yw,RIfNvRWmOfk,MOST BEAUTIFUL GAME 2016!! (Abzu - Part 1),2016-08-01T15:08:01Z,6125406,260525,14144,PT14M8S,20,https://www.youtube.com/watch?v=RIfNvRWmOfk
275,UC-lHJZR3Gqxm24_Vd_AJ5Yw,6nP8SLkK0cM,HIGHSCHOOL GIRL PEWDIEPIE,2016-07-31T18:04:17Z,5936387,246474,32685,PT5M39S,20,https://www.youtube.com/watch?v=6nP8SLkK0cM
276,UC-lHJZR3Gqxm24_Vd_AJ5Yw,5pEPpNpbnCI,"BROFIST (PewDiePie Song, By Roomie)",2016-07-22T15:04:22Z,47421863,1387433,125207,PT3M9S,20,https://www.youtube.com/watch?v=5pEPpNpbnCI
277,UC-lHJZR3Gqxm24_Vd_AJ5Yw,K6PJyAOyuzw,HAPPY WHEELS 3D!!! (Guts and Glory Part 1),2016-07-21T15:03:26Z,10370191,456766,23199,PT7M31S,20,https://www.youtube.com/watch?v=K6PJyAOyuzw
278,UC-lHJZR3Gqxm24_Vd_AJ5Yw,abObpmh9mlw,THE FUNNIEST MULTIPLAYER GAME! (Gang Beasts - Part 06),2016-07-06T15:09:51Z,13690985,425511,20645,PT6M3S,20,https://www.youtube.com/watch?v=abObpmh9mlw
279,UC-lHJZR3Gqxm24_Vd_AJ5Yw,pHQEunIsa9c,I'LL KILL YOU ALL!!!!!!!!! (Dead by Daylight),2016-06-23T15:03:46Z,5043804,188597,9682,PT9M14S,20,https://www.youtube.com/watch?v=pHQEunIsa9c
280,UC-lHJZR3Gqxm24_Vd_AJ5Yw,cfREs6k5ilo,THE BEST RUN!! / Mirrors Edge 2 Catalyst / ENDING,2016-06-19T18:15:40Z,1769820,51602,4633,PT1H13M40S,20,https://www.youtube.com/watch?v=cfREs6k5ilo
281,UC-lHJZR3Gqxm24_Vd_AJ5Yw,kLN63skDAIQ,CLICKBAIT (YouTubers Life - Part 2),2016-06-07T15:03:44Z,4180479,215779,15697,PT5M51S,20,https://www.youtube.com/watch?v=kLN63skDAIQ
282,UC-lHJZR3Gqxm24_Vd_AJ5Yw,sHOJHzhCfqk,MIRRORS EDGE 2: CATALYST - Gameplay - PART 1 - SO EXCITED!!!!!!!!!!,2016-06-06T17:07:57Z,4748589,167606,16737,PT23M2S,20,https://www.youtube.com/watch?v=sHOJHzhCfqk
283,UC-lHJZR3Gqxm24_Vd_AJ5Yw,GpDmSfo8sYM,QUALITY GAMEPLAY / Bayonetta 2 / Part 1,2016-05-31T15:02:44Z,7765582,321371,23559,PT15M20S,20,https://www.youtube.com/watch?v=GpDmSfo8sYM
284,UC-lHJZR3Gqxm24_Vd_AJ5Yw,VCCxGxeWrB8,REGRETTABLE PORN (Animated),2016-05-22T17:58:58Z,3273960,107144,4133,PT2M46S,20,https://www.youtube.com/watch?v=VCCxGxeWrB8
285,UC-lHJZR3Gqxm24_Vd_AJ5Yw,OrktI4FRYrU,UNCHARTED 4 ENDING - Final - Part 13,2016-05-21T21:30:07Z,3569665,154595,17995,PT1H5M25S,20,https://www.youtube.com/watch?v=OrktI4FRYrU
286,UC-lHJZR3Gqxm24_Vd_AJ5Yw,bk1UXOdjlmI,SO CUTE!! T_T - Uncharted 4 - Part 12,2016-05-20T21:30:15Z,2960200,88215,6171,PT48M53S,20,https://www.youtube.com/watch?v=bk1UXOdjlmI
287,UC-lHJZR3Gqxm24_Vd_AJ5Yw,C_t5K7f8SWs,WHEN SHE GIVES YOU THAT LOOK  - Uncharted 4 - Part 11,2016-05-19T21:31:03Z,3036126,88122,6528,PT1H1M54S,20,https://www.youtube.com/watch?v=C_t5K7f8SWs
288,UC-lHJZR3Gqxm24_Vd_AJ5Yw,hyIglpemX-Q,IM SO SORRY FOR THIS! - Uncharted 4 - Part 9,2016-05-18T06:20:55Z,3139683,95872,8144,PT54M46S,20,https://www.youtube.com/watch?v=hyIglpemX-Q
289,UC-lHJZR3Gqxm24_Vd_AJ5Yw,zshaLmvbrPM,LIKE AN ACTION MOVIE!! - Uncharted 4 - Part 8,2016-05-16T21:35:19Z,3311290,103166,7933,PT54M2S,20,https://www.youtube.com/watch?v=zshaLmvbrPM
290,UC-lHJZR3Gqxm24_Vd_AJ5Yw,ALdcQLLAmSI,(GONE SEXUAL) CHICKEN HORSE,2016-05-16T15:03:15Z,2359455,106864,3613,PT6M18S,20,https://www.youtube.com/watch?v=ALdcQLLAmSI
291,UC-lHJZR3Gqxm24_Vd_AJ5Yw,5MzQSH4dXfk,LETS GO ON SAFARI! - Uncharted 4 - Part 7,2016-05-15T22:01:00Z,3783217,107988,9259,PT1H10M12S,20,https://www.youtube.com/watch?v=5MzQSH4dXfk
292,UC-lHJZR3Gqxm24_Vd_AJ5Yw,rAopaM8QAF0,GET A LITTLE BIT SEXUAL! - Uncharted 4 - Part 5,2016-05-13T22:45:02Z,3783307,110368,7017,PT47M30S,20,https://www.youtube.com/watch?v=rAopaM8QAF0
293,UC-lHJZR3Gqxm24_Vd_AJ5Yw,GmrUYRPR5xw,GUESS WHO'S BACK!? - Uncharted 4 - Part 4,2016-05-12T14:45:32Z,3926251,122178,7432,PT47M12S,20,https://www.youtube.com/watch?v=GmrUYRPR5xw
294,UC-lHJZR3Gqxm24_Vd_AJ5Yw,p8wK3fUvqfQ,BEST EASTEREGG EVER?! - Uncharted 4 - Part 3,2016-05-11T14:35:26Z,5172444,130413,10543,PT56M22S,20,https://www.youtube.com/watch?v=p8wK3fUvqfQ
295,UC-lHJZR3Gqxm24_Vd_AJ5Yw,vgEOqq7aGgE,AMAZING AS THE LAST OF US! - Uncharted 4 - Part 2 - FULL GAME,2016-05-10T15:06:56Z,4625984,157158,13428,PT32M37S,20,https://www.youtube.com/watch?v=vgEOqq7aGgE
296,UC-lHJZR3Gqxm24_Vd_AJ5Yw,CzrUVbvGNeM,UNBELIEVABLE GAMEPLAY!!! - Uncharted 4 FULL GAME Part 1 / Walkthrough/ Playthrough,2016-05-09T15:14:05Z,7705315,253018,13839,PT25M5S,20,https://www.youtube.com/watch?v=CzrUVbvGNeM
297,UC-lHJZR3Gqxm24_Vd_AJ5Yw,L5uAbA-ModU,THE WALKING DEAD: MICHONNE (Full Game) - FINALE - EPISODE 3,2016-05-03T13:35:04Z,1735518,48727,7107,PT1H3M6S,20,https://www.youtube.com/watch?v=L5uAbA-ModU
298,UC-lHJZR3Gqxm24_Vd_AJ5Yw,hjiiqvOs4Hk,POOP POOP POOP POOP POOP POOP POOP POOP POOP POOP POOP (Muddy Heights 2 - Part 2),2016-04-24T15:23:58Z,3221374,144048,11346,PT6M42S,20,https://www.youtube.com/watch?v=hjiiqvOs4Hk
299,UC-lHJZR3Gqxm24_Vd_AJ5Yw,U5tqr3SX1D0,SACRIFICE FOR SENPAI - (Yandere Simulator - Part 14),2016-04-20T16:23:21Z,5433332,229046,13494,PT5M49S,20,https://www.youtube.com/watch?v=U5tqr3SX1D0
300,UC-lHJZR3Gqxm24_Vd_AJ5Yw,k1Km9HmEEJ0,POOP ON PEOPLE! (Muddy Heights 2 - Part 01),2016-04-14T15:08:43Z,3221297,108111,19582,PT5M59S,20,https://www.youtube.com/watch?v=k1Km9HmEEJ0
301,UC-lHJZR3Gqxm24_Vd_AJ5Yw,L4wAqzijLAs,HURRY! CLICK TWICE TO DEFUSE THIS BOMB! (Keep Talking and No One Explodes - Part 3),2016-04-11T15:25:32Z,3937152,201674,7810,PT6M17S,20,https://www.youtube.com/watch?v=L4wAqzijLAs
302,UC-lHJZR3Gqxm24_Vd_AJ5Yw,nBkN-e_Sogc,LET'S CHANGE EVERYTHING / Quantum Break / Full Gameplay / Part 4,2016-04-08T17:14:11Z,1680535,64313,4544,PT29M8S,20,https://www.youtube.com/watch?v=nBkN-e_Sogc
303,UC-lHJZR3Gqxm24_Vd_AJ5Yw,gf5D0AH8i0k,0,2016-04-06T17:07:03Z,0,0,0,0,0,https://www.youtube.com/watch?v=gf5D0AH8i0k
304,UC-lHJZR3Gqxm24_Vd_AJ5Yw,7ix5pxqF7AA,IS THIS A GAME OR A MOVIE? / Quantum Break / Part 3 / Full Gameplay,2016-04-06T14:55:10Z,2555786,77462,5994,PT49M52S,22,https://www.youtube.com/watch?v=7ix5pxqF7AA
305,UC-lHJZR3Gqxm24_Vd_AJ5Yw,neg-2qTG2Uc,THE WALKING DEAD: MICHONNE (Full Game) - Part 1 - EPISODE 2,2016-04-05T14:40:50Z,1695153,61818,4555,PT23M22S,22,https://www.youtube.com/watch?v=neg-2qTG2Uc
306,UC-lHJZR3Gqxm24_Vd_AJ5Yw,FSmJW1Ww4hI,MAY THE BEST BABY DIE!! (Who's Your Daddy? Part 3),2016-04-04T17:34:41Z,10043878,260593,12231,PT6M42S,22,https://www.youtube.com/watch?v=FSmJW1Ww4hI
307,UC-lHJZR3Gqxm24_Vd_AJ5Yw,7TrF-tLic3Q,WOULD YOU SHOOT? / Quantum Break / Part 2,2016-04-04T14:46:00Z,2761261,106806,7898,PT20M34S,22,https://www.youtube.com/watch?v=7TrF-tLic3Q
308,UC-lHJZR3Gqxm24_Vd_AJ5Yw,bymDk2mYAHI,Quantum Break FULL Gameplay - Walkthrough Part 1 // THIS GAME LOOKS REAL,2016-04-02T17:01:33Z,4597596,271856,18591,PT20M57S,22,https://www.youtube.com/watch?v=bymDk2mYAHI
309,UC-lHJZR3Gqxm24_Vd_AJ5Yw,ie3UMwenV9s,0,2016-03-30T17:10:01Z,0,0,0,0,0,https://www.youtube.com/watch?v=ie3UMwenV9s
310,UC-lHJZR3Gqxm24_Vd_AJ5Yw,Znyw-wU5aBk,DODGEBALL SIMULATOR (Stikbold),2016-03-30T15:25:56Z,3727997,158925,8977,PT5M43S,22,https://www.youtube.com/watch?v=Znyw-wU5aBk
311,UC-lHJZR3Gqxm24_Vd_AJ5Yw,xBQYLXX2Mk0,"THIS GAME WILL MAKE YOU WEEP (That, Dragon Cancer)",2016-03-29T16:53:09Z,4998015,169731,25609,PT1H3M1S,22,https://www.youtube.com/watch?v=xBQYLXX2Mk0
312,UC-lHJZR3Gqxm24_Vd_AJ5Yw,sVGTCtPP8Ts,Dark Souls 3 / Walkthrough / Playthrough / Let's Play / ZERO DEATHS,2016-03-26T18:41:35Z,10322906,380567,15517,PT12M37S,22,https://www.youtube.com/watch?v=sVGTCtPP8Ts
313,UC-lHJZR3Gqxm24_Vd_AJ5Yw,6qa3X87SFKE,0,2016-03-23T17:06:11Z,0,0,0,0,0,https://www.youtube.com/watch?v=6qa3X87SFKE
314,UC-lHJZR3Gqxm24_Vd_AJ5Yw,SVSsTXvjkdk,SKATE 4 SKIING?! (Snow),2016-03-21T16:10:34Z,4337900,199199,12293,PT6M16S,22,https://www.youtube.com/watch?v=SVSsTXvjkdk
315,UC-lHJZR3Gqxm24_Vd_AJ5Yw,8q65TJ7C12o,THE LEGEND OF STEPHAN AND CINDERELLA (Animated),2016-03-20T19:17:22Z,2326366,84670,2535,PT3M17S,20,https://www.youtube.com/watch?v=8q65TJ7C12o
316,UC-lHJZR3Gqxm24_Vd_AJ5Yw,veYSwGigsY0,0,2016-03-16T17:02:34Z,0,0,0,0,0,https://www.youtube.com/watch?v=veYSwGigsY0
317,UC-lHJZR3Gqxm24_Vd_AJ5Yw,i2fJSQzrHsU,WHO'S YOUR DADDY? (Animated),2016-03-13T17:51:40Z,3515666,124719,3187,PT1M53S,20,https://www.youtube.com/watch?v=i2fJSQzrHsU
318,UC-lHJZR3Gqxm24_Vd_AJ5Yw,i1iQKtR6uMo,LOSER DELETES HIS CHANNEL. (Lethal League),2016-03-11T15:18:14Z,3858221,151677,8011,PT7M13S,22,https://www.youtube.com/watch?v=i1iQKtR6uMo
319,UC-lHJZR3Gqxm24_Vd_AJ5Yw,3tWbvPqbyPI,WE ARE IN THE GAME! - Dragon Land,2016-03-10T19:14:08Z,2216766,108214,7145,PT7M28S,22,https://www.youtube.com/watch?v=3tWbvPqbyPI
320,UC-lHJZR3Gqxm24_Vd_AJ5Yw,m1sdWS5UQZo,0,2016-03-09T18:03:10Z,0,0,0,0,0,https://www.youtube.com/watch?v=m1sdWS5UQZo
321,UC-lHJZR3Gqxm24_Vd_AJ5Yw,ZwNxYJfW-eU,FAPPING SIMULATOR 2016 (3 Free Games),2016-03-09T16:10:52Z,14772546,323135,18828,PT8M49S,22,https://www.youtube.com/watch?v=ZwNxYJfW-eU
322,UC-lHJZR3Gqxm24_Vd_AJ5Yw,2gADntFQQ9U,BUILD YOUR OWN SPONGEBOB! (Pewdiepie Animated),2016-03-06T18:10:00Z,3411414,139309,5445,PT1M47S,20,https://www.youtube.com/watch?v=2gADntFQQ9U
323,UC-lHJZR3Gqxm24_Vd_AJ5Yw,rEMj4cke2S4,NETFLIX AND KILL (BroKen Podcast w/Cry - Part 14),2016-03-05T18:18:18Z,3129370,104353,3656,PT5M14S,20,https://www.youtube.com/watch?v=rEMj4cke2S4
324,UC-lHJZR3Gqxm24_Vd_AJ5Yw,3FkikOc89ck,MOST OFFENSIVE GAME? (Love Death),2016-03-05T14:17:30Z,3329110,135274,9034,PT4M53S,22,https://www.youtube.com/watch?v=3FkikOc89ck
325,UC-lHJZR3Gqxm24_Vd_AJ5Yw,J9GpfqyUAVI,0,2016-03-02T18:37:26Z,0,0,0,0,0,https://www.youtube.com/watch?v=J9GpfqyUAVI
326,UC-lHJZR3Gqxm24_Vd_AJ5Yw,-Cn2fUrUKRo,0,2016-02-24T18:08:22Z,0,0,0,0,0,https://www.youtube.com/watch?v=-Cn2fUrUKRo
327,UC-lHJZR3Gqxm24_Vd_AJ5Yw,0ODPt69fk30,THE WALKING DEAD: MICHONNE (Full Game) - Part 4 - ENDING,2016-02-23T17:08:52Z,1594426,55467,6737,PT11M31S,20,https://www.youtube.com/watch?v=0ODPt69fk30
328,UC-lHJZR3Gqxm24_Vd_AJ5Yw,Dn57_71Fyuk,THE WALKING DEAD: MICHONNE (Full Game) - Part 1,2016-02-23T17:04:40Z,4280161,140459,15744,PT22M51S,20,https://www.youtube.com/watch?v=Dn57_71Fyuk
329,UC-lHJZR3Gqxm24_Vd_AJ5Yw,_AatGduGclc,0,2016-02-17T18:07:49Z,0,0,0,0,0,https://www.youtube.com/watch?v=_AatGduGclc
330,UC-lHJZR3Gqxm24_Vd_AJ5Yw,rIz1oU5IQ4w,SCARE PEWDIEPIE - Level 2 | Preview,2016-02-17T18:05:59Z,6746723,17879,1849,PT41S,24,https://www.youtube.com/watch?v=rIz1oU5IQ4w
331,UC-lHJZR3Gqxm24_Vd_AJ5Yw,jvDNW8DmsiY,LEO WINS THE OSCAR! - Leo's Red Carpet Rampage,2016-02-17T13:55:17Z,3832959,179953,6082,PT6M30S,20,https://www.youtube.com/watch?v=jvDNW8DmsiY
332,UC-lHJZR3Gqxm24_Vd_AJ5Yw,0-fyoq4454U,0,2016-02-10T09:29:58Z,0,0,0,0,0,https://www.youtube.com/watch?v=0-fyoq4454U
333,UC-lHJZR3Gqxm24_Vd_AJ5Yw,MsplPPW7tFo,LEVEL 7 | I‚ÄôM NOT CRAZY  (OUTLAST IRL GAMEPLAY),2016-02-10T09:25:07Z,133377938,2914747,150094,PT4S,20,https://www.youtube.com/watch?v=MsplPPW7tFo
334,UC-lHJZR3Gqxm24_Vd_AJ5Yw,AkdZiERMjjI,0,2016-02-03T16:49:28Z,0,0,0,0,0,https://www.youtube.com/watch?v=AkdZiERMjjI
335,UC-lHJZR3Gqxm24_Vd_AJ5Yw,oFc6aBtfg-g,THE BROKEN PODCAST IS BACK  (Animated),2016-01-22T20:17:15Z,2381099,100787,4962,PT1M22S,20,https://www.youtube.com/watch?v=oFc6aBtfg-g
336,UC-lHJZR3Gqxm24_Vd_AJ5Yw,XHzJ1KXLgUE,JOIN A CULT FOR SENPAI - Yandere Simulator - Part 10,2016-01-06T17:49:02Z,5546710,203262,10001,PT6M15S,20,https://www.youtube.com/watch?v=XHzJ1KXLgUE
337,UC-lHJZR3Gqxm24_Vd_AJ5Yw,S6d46EW1L0g,"THIS GAME IS RIDICULOUS // Ben and Ed, UNCUT",2015-12-16T13:30:00Z,3927749,156451,12967,PT29M59S,20,https://www.youtube.com/watch?v=S6d46EW1L0g
338,UC-lHJZR3Gqxm24_Vd_AJ5Yw,soUrtxiCyVU,HARDEST BOSS EVER (Bloodborne DLC Gameplay - Part 1),2015-12-14T16:30:01Z,5902769,141451,5833,PT9M22S,20,https://www.youtube.com/watch?v=soUrtxiCyVU
339,UC-lHJZR3Gqxm24_Vd_AJ5Yw,uionPzrC7FU,FART PROTECTION! (5 Weird Stuff Online - Part 19),2015-12-12T13:17:31Z,7550645,295557,15444,PT8M53S,20,https://www.youtube.com/watch?v=uionPzrC7FU
340,UC-lHJZR3Gqxm24_Vd_AJ5Yw,IDeCpT_qZ10,THIS COUPLE IS THE WORST! / Facade Animated,2015-12-04T19:41:52Z,4402006,190127,3965,PT2M30S,20,https://www.youtube.com/watch?v=IDeCpT_qZ10
341,UC-lHJZR3Gqxm24_Vd_AJ5Yw,nPCMfFdlIKg,Micheal Bay Simulator - Just Cause 3 - Part 2,2015-12-03T19:27:00Z,3031716,125011,5956,PT8M57S,20,https://www.youtube.com/watch?v=nPCMfFdlIKg
342,UC-lHJZR3Gqxm24_Vd_AJ5Yw,uE1GF_6wOH0,LOST IN SPACE. / Pewdiepie Animated,2015-11-30T16:09:16Z,2339550,101769,3702,PT1M34S,20,https://www.youtube.com/watch?v=uE1GF_6wOH0
343,UC-lHJZR3Gqxm24_Vd_AJ5Yw,R0FGb7HmkWc,Life Is Strange - Episode 3 - Part 2,2015-11-08T22:08:25Z,3451289,105413,18,PT1H8M17S,20,https://www.youtube.com/watch?v=R0FGb7HmkWc
344,UC-lHJZR3Gqxm24_Vd_AJ5Yw,KV50ILapApE,HOT AND SPICY SEAWEED!? (5 Weird Stuff Online - Part 18),2015-11-03T18:06:03Z,5507609,274126,16217,PT10M1S,20,https://www.youtube.com/watch?v=KV50ILapApE
345,UC-lHJZR3Gqxm24_Vd_AJ5Yw,BwBhgONTTbQ,HOLDING THE TEARS! - Life Is Strange - Episode 5 - Full,2015-10-22T16:22:11Z,6035536,155091,31673,PT2H9M42S,20,https://www.youtube.com/watch?v=BwBhgONTTbQ
346,UC-lHJZR3Gqxm24_Vd_AJ5Yw,6GGyrT3EQ84,15 Pounds Of Fun.,2015-10-09T16:00:00Z,3090557,96524,2334,PT1M2S,20,https://www.youtube.com/watch?v=6GGyrT3EQ84
347,UC-lHJZR3Gqxm24_Vd_AJ5Yw,aiGZWlLN23g,SENPAI WILL BE MINE!,2015-09-04T09:05:06Z,3283480,169119,4169,PT1M23S,20,https://www.youtube.com/watch?v=aiGZWlLN23g
348,UC-lHJZR3Gqxm24_Vd_AJ5Yw,6wqiyvXIu9c,YOU WILL HATE ME FOR THIS BROS // Until Dawn // Part 10 // Ending,2015-09-03T19:31:20Z,6550250,230519,37825,PT31M28S,20,https://www.youtube.com/watch?v=6wqiyvXIu9c
349,UC-lHJZR3Gqxm24_Vd_AJ5Yw,axjIyXFgqDA,CAN YOU HANDLE THE GORE? / Until Dawn / Part 9,2015-09-02T20:06:23Z,5943090,182053,22195,PT41M36S,20,https://www.youtube.com/watch?v=axjIyXFgqDA
350,UC-lHJZR3Gqxm24_Vd_AJ5Yw,gmqnd6nJjKM,KILL YOURSELF OR THE GIRL? / Until Dawn / Part 6,2015-08-30T18:23:22Z,6431086,190846,23733,PT45M17S,20,https://www.youtube.com/watch?v=gmqnd6nJjKM
351,UC-lHJZR3Gqxm24_Vd_AJ5Yw,jGujD_IMBzs,THIS GAME IS DISGUSTING / Until Dawn / Part 5,2015-08-29T18:00:03Z,7114694,192745,28540,PT41M18S,20,https://www.youtube.com/watch?v=jGujD_IMBzs
352,UC-lHJZR3Gqxm24_Vd_AJ5Yw,3YwnCp0-PFA,WILL THEY BANG OK? / Until Dawn / Part 2,2015-08-26T15:26:40Z,8097431,249258,18677,PT34M44S,20,https://www.youtube.com/watch?v=3YwnCp0-PFA
353,UC-lHJZR3Gqxm24_Vd_AJ5Yw,dVJjl1vb0P0,YouTube Highschool (Tobuscus),2015-07-21T16:40:00Z,3786090,196769,70,PT8M45S,20,https://www.youtube.com/watch?v=dVJjl1vb0P0
354,UC-lHJZR3Gqxm24_Vd_AJ5Yw,ejTbigS7C2U,WE'RE HAVING A THREESOME? -- Catherine -- Part 8,2015-07-19T21:00:01Z,4441036,144947,10,PT33M48S,20,https://www.youtube.com/watch?v=ejTbigS7C2U
355,UC-lHJZR3Gqxm24_Vd_AJ5Yw,rjiccAZe1w8,MAKING THE DODO EXTINCT -- Ark -- Part 3,2015-07-18T15:00:01Z,2794077,113259,12,PT7M55S,20,https://www.youtube.com/watch?v=rjiccAZe1w8
356,UC-lHJZR3Gqxm24_Vd_AJ5Yw,1s5IEqGAJ4c,HOW TO BE COOL FOR SUMMER,2015-07-04T15:40:03Z,3694333,165026,25,PT1M16S,20,https://www.youtube.com/watch?v=1s5IEqGAJ4c
357,UC-lHJZR3Gqxm24_Vd_AJ5Yw,VdE1b1Pi7ls,The Legend of SALAD ASS. -- Ark -- Part 2,2015-07-01T16:30:01Z,5543180,191099,16,PT9M34S,20,https://www.youtube.com/watch?v=VdE1b1Pi7ls
358,UC-lHJZR3Gqxm24_Vd_AJ5Yw,IPSomL6SZ30,PewDiePie Fanfiction Animated: Wild Falcon Lover,2015-06-12T18:55:09Z,5247089,197290,27,PT4M18S,20,https://www.youtube.com/watch?v=IPSomL6SZ30
359,UC-lHJZR3Gqxm24_Vd_AJ5Yw,YqCvyvXc-U4,This Book Loves You - ANNOUNCEMENT!,2015-06-11T16:35:42Z,10176589,206164,39,PT3M21S,23,https://www.youtube.com/watch?v=YqCvyvXc-U4
360,UC-lHJZR3Gqxm24_Vd_AJ5Yw,BhkBifP4aiQ,PewDiePie Fanfiction Animated: Pewd's Secret,2015-06-05T19:51:03Z,6601216,227007,12,PT3M24S,20,https://www.youtube.com/watch?v=BhkBifP4aiQ
361,UC-lHJZR3Gqxm24_Vd_AJ5Yw,dlQ2CnBwX1Y,FINDING THE HOT GIRL - The Witcher: Gameplay - Part 3,2015-05-30T18:29:56Z,2270387,61763,12,PT34M29S,20,https://www.youtube.com/watch?v=dlQ2CnBwX1Y
362,UC-lHJZR3Gqxm24_Vd_AJ5Yw,_Z93gVqa8OE,PewDiePie Fanfiction Animated: Dragonslayer,2015-05-29T16:17:14Z,5223781,208247,34,PT4M10S,20,https://www.youtube.com/watch?v=_Z93gVqa8OE
363,UC-lHJZR3Gqxm24_Vd_AJ5Yw,zkZLP8TdYmQ,THIS IS PRON. - Bloodborne - Part 7,2015-05-27T15:30:01Z,4989414,125150,23,PT14M47S,20,https://www.youtube.com/watch?v=zkZLP8TdYmQ
364,UC-lHJZR3Gqxm24_Vd_AJ5Yw,f1LCMrTFSNI,A LOVE STORY (Happy Wheels #75),2015-05-25T15:27:49Z,10157582,341792,21,PT5M48S,20,https://www.youtube.com/watch?v=f1LCMrTFSNI
365,UC-lHJZR3Gqxm24_Vd_AJ5Yw,zCY2Gapsstk,THIS GAME IS AMAZING! - Life Is Strange - Episode 3 - Full Gameplay!,2015-05-20T17:13:08Z,6238370,121487,19,PT52M24S,20,https://www.youtube.com/watch?v=zCY2Gapsstk
366,UC-lHJZR3Gqxm24_Vd_AJ5Yw,Y_TTsEfFrHA,LET THE HUNT BEGIN! - The Witcher 3: Wild Hunt - Walkthrough / Playthrough / Gameplay- Part 1,2015-05-19T19:00:01Z,6162908,169565,12,PT21M31S,20,https://www.youtube.com/watch?v=Y_TTsEfFrHA
367,UC-lHJZR3Gqxm24_Vd_AJ5Yw,offpXmHOMOE,MR. CRAB IS ADORABLE!,2015-05-09T15:30:01Z,3019570,154404,5,PT4M48S,20,https://www.youtube.com/watch?v=offpXmHOMOE
368,UC-lHJZR3Gqxm24_Vd_AJ5Yw,ho70DT1Fvdw,I'M GOING TO SPACE! (Kerbal Space Program),2015-04-27T17:12:21Z,5336170,234383,16,PT6M17S,20,https://www.youtube.com/watch?v=ho70DT1Fvdw
369,UC-lHJZR3Gqxm24_Vd_AJ5Yw,qcbHDUIwHKo,COWBOY HITLER LIVES. (Westerados),2015-04-22T19:00:01Z,2805076,129785,18,PT7M5S,20,https://www.youtube.com/watch?v=qcbHDUIwHKo
370,UC-lHJZR3Gqxm24_Vd_AJ5Yw,6qmwPvvkUBw,MY MENTAL BREAKDOWN - Bloodborne - Part 2,2015-04-08T18:02:40Z,5857697,263675,29,PT11M15S,20,https://www.youtube.com/watch?v=6qmwPvvkUBw
371,UC-lHJZR3Gqxm24_Vd_AJ5Yw,fHn2NVJsIMg,Bloodborne - Part 1 - Gameplay / Full Playthrough / Walkthrough,2015-04-02T17:10:32Z,7771288,385215,42,PT10M4S,20,https://www.youtube.com/watch?v=fHn2NVJsIMg
372,UC-lHJZR3Gqxm24_Vd_AJ5Yw,klnITf_EZRQ,TIMETRAVEL BOSS! // Life Is Strange - Episode 2 FULL Gameplay Walkthrough,2015-03-25T18:07:55Z,6133944,160951,21,PT40M49S,20,https://www.youtube.com/watch?v=klnITf_EZRQ
373,UC-lHJZR3Gqxm24_Vd_AJ5Yw,-xy8wpIo0Oo,UNICORN SIMULATOR.,2015-03-16T17:00:01Z,3979565,132563,19,PT7M23S,20,https://www.youtube.com/watch?v=-xy8wpIo0Oo
374,UC-lHJZR3Gqxm24_Vd_AJ5Yw,5OFGDfFZULo,I AM THE DEVIL! (Lucius 2),2015-03-02T18:31:06Z,7859261,229823,46,PT29M57S,20,https://www.youtube.com/watch?v=5OFGDfFZULo
375,UC-lHJZR3Gqxm24_Vd_AJ5Yw,ycs89_O__IY,INDONESIAN HORROR HOTTIES! Dreadout - Act 2 - Part 1,2015-02-18T20:00:06Z,7962290,200389,21,PT35M53S,20,https://www.youtube.com/watch?v=ycs89_O__IY
376,UC-lHJZR3Gqxm24_Vd_AJ5Yw,Px8FPY6UXaY,IKEA SIMULATOR 2015,2015-02-13T19:29:26Z,5693489,192905,17,PT5M46S,20,https://www.youtube.com/watch?v=Px8FPY6UXaY
377,UC-lHJZR3Gqxm24_Vd_AJ5Yw,N0cY6b8IcXI,ADVENTURES OF DONALD! (Disney Infinity),2015-02-04T20:12:53Z,3850407,143500,35,PT4M43S,20,https://www.youtube.com/watch?v=N0cY6b8IcXI
378,UC-lHJZR3Gqxm24_Vd_AJ5Yw,phbn-NfCWxw,I CAN TIME TRAVEL! (Life Is Strange - Episode 1 FULL Gameplay),2015-02-01T19:56:42Z,13693941,412770,15,PT1H35M13S,20,https://www.youtube.com/watch?v=phbn-NfCWxw
379,UC-lHJZR3Gqxm24_Vd_AJ5Yw,hhhcvsN_Wsk,SCARIEST GAME EVER #3,2015-01-16T16:47:30Z,5441033,163785,16,PT6M12S,20,https://www.youtube.com/watch?v=hhhcvsN_Wsk
380,UC-lHJZR3Gqxm24_Vd_AJ5Yw,n9pmRI5XYh8,DUCK GAMES.,2015-01-15T17:30:01Z,4304306,212525,14,PT7M3S,20,https://www.youtube.com/watch?v=n9pmRI5XYh8
381,UC-lHJZR3Gqxm24_Vd_AJ5Yw,x8-Ze2KqbaU,DUMB WAYS TO DIE 2 // 3 Free Games,2015-01-13T19:17:44Z,12376885,274227,11,PT10M2S,20,https://www.youtube.com/watch?v=x8-Ze2KqbaU
382,UC-lHJZR3Gqxm24_Vd_AJ5Yw,ddCDkGX86Tg,HOW TO: SURVIVE IN SURVIVAL GAMES. #1,2015-01-11T17:10:10Z,4649949,200237,30,PT4M56S,20,https://www.youtube.com/watch?v=ddCDkGX86Tg
383,UC-lHJZR3Gqxm24_Vd_AJ5Yw,nyQJ9h_eIK8,CHRISTMAS SIMULATOR,2014-12-24T15:52:14Z,3890227,160423,2,PT5M54S,20,https://www.youtube.com/watch?v=nyQJ9h_eIK8
384,UC-lHJZR3Gqxm24_Vd_AJ5Yw,TEhO4xEne-E,QWOP PEWDIEPIE!,2014-12-18T17:30:06Z,5863421,146385,1,PT8M41S,20,https://www.youtube.com/watch?v=TEhO4xEne-E
385,UC-lHJZR3Gqxm24_Vd_AJ5Yw,cS0Y2ldpKvo,Dying Light - Gameplay - ZOMBIE PARKOUR INSANITY!,2014-12-08T18:38:28Z,4657438,159761,2,PT8M20S,20,https://www.youtube.com/watch?v=cS0Y2ldpKvo
386,UC-lHJZR3Gqxm24_Vd_AJ5Yw,DMw6o7497To,DANCE PEWDIEPIE DANCE! // INDIES VS PEWDIEPIE JAM WINNERS!,2014-12-07T14:43:42Z,5101632,146769,1,PT19M59S,20,https://www.youtube.com/watch?v=DMw6o7497To
387,UC-lHJZR3Gqxm24_Vd_AJ5Yw,mHg0nrjSHYs,LETS GO ON A JOURNEY BROS! - Brothers: A Tale Of Two Sons: Gameplay - FULL GAMEPLAY,2014-12-01T17:00:02Z,12660483,179626,10,PT2H24M53S,20,https://www.youtube.com/watch?v=mHg0nrjSHYs
388,UC-lHJZR3Gqxm24_Vd_AJ5Yw,zMkLoaQEb9M,HUNTER GOAT // Goat MMO #2,2014-11-20T15:40:58Z,2863072,90184,1,PT10M22S,20,https://www.youtube.com/watch?v=zMkLoaQEb9M
389,UC-lHJZR3Gqxm24_Vd_AJ5Yw,bmf_5z2RCNg,GOAT MMO // MICROWAVE GOAT?! - Goat Simulator - Part 1,2014-11-17T18:54:24Z,4943871,151022,1,PT10M15S,20,https://www.youtube.com/watch?v=bmf_5z2RCNg
390,UC-lHJZR3Gqxm24_Vd_AJ5Yw,hoGXoX8NrO0,ANKI Drive YOUTUBE TOURNAMENT! (SANIC PEWDS),2014-11-08T14:00:01Z,3154315,147451,2,PT8M6S,20,https://www.youtube.com/watch?v=hoGXoX8NrO0
391,UC-lHJZR3Gqxm24_Vd_AJ5Yw,UzqZwh0-p34,I'M SO KAWAII - Pewds Animated (By: Anothink),2014-10-29T15:25:55Z,9305047,266666,3,PT1M25S,20,https://www.youtube.com/watch?v=UzqZwh0-p34
392,UC-lHJZR3Gqxm24_Vd_AJ5Yw,s8ejJi6oieY,WHEN HE DOESNT BUY YOU CHOCOLATE - The Evil Within (Chapter 4),2014-10-23T13:00:17Z,4003235,125724,11,PT17M44S,20,https://www.youtube.com/watch?v=s8ejJi6oieY
393,UC-lHJZR3Gqxm24_Vd_AJ5Yw,a2ztALd_2E0,WHY AREN'T YOU LAUGHING?! - Pewds Animated (By Coyotemation),2014-10-17T16:26:24Z,7168660,201566,9,PT1M22S,1,https://www.youtube.com/watch?v=a2ztALd_2E0
394,UC-lHJZR3Gqxm24_Vd_AJ5Yw,fWrV9DnUlEU,OCTODAD MEETS SURGEON SIMULATOR?! (Octodad Shorts #2),2014-10-16T16:48:25Z,4690541,116453,14,PT18M4S,20,https://www.youtube.com/watch?v=fWrV9DnUlEU
395,UC-lHJZR3Gqxm24_Vd_AJ5Yw,WhIOXSy_7BI,OCTODAD GOES ON A DATE! (Octodad Shorts #1),2014-10-14T16:30:01Z,5020398,167912,19,PT19M23S,20,https://www.youtube.com/watch?v=WhIOXSy_7BI
396,UC-lHJZR3Gqxm24_Vd_AJ5Yw,sSjdU297yfA,The Evil Within - Gameplay - Part 1 - Walkthrough (Chapter 1) - IT BEGINS HERE!,2014-10-14T13:17:39Z,7765024,369348,32,PT22M54S,20,https://www.youtube.com/watch?v=sSjdU297yfA
397,UC-lHJZR3Gqxm24_Vd_AJ5Yw,TAr5r0CeBE4,I'M AN AVIATOR! - Altitude0,2014-10-03T18:16:24Z,3814064,101007,12,PT10M57S,20,https://www.youtube.com/watch?v=TAr5r0CeBE4
398,UC-lHJZR3Gqxm24_Vd_AJ5Yw,XU5JJraK7jQ,Alien: Isolation - Gameplay - Part 1 - (Playthrough / Walkthrough ) - SO DAMN EXCITED FOR THIS GAME!,2014-09-27T20:43:19Z,9910040,573038,38,PT19M33S,20,https://www.youtube.com/watch?v=XU5JJraK7jQ
399,UC-lHJZR3Gqxm24_Vd_AJ5Yw,PMfuAbpbE00,MALE PREGNANCY MOD?! - The Sims 4,2014-09-23T20:25:39Z,9592060,314895,66,PT6M45S,20,https://www.youtube.com/watch?v=PMfuAbpbE00
400,UC-lHJZR3Gqxm24_Vd_AJ5Yw,XU5JJraK7jQ,Alien: Isolation - Gameplay - Part 1 - (Playthrough / Walkthrough ) - SO DAMN EXCITED FOR THIS GAME!,2014-09-27T20:43:19Z,9910040,573038,38,PT19M33S,20,https://www.youtube.com/watch?v=XU5JJraK7jQ
401,UC-lHJZR3Gqxm24_Vd_AJ5Yw,PMfuAbpbE00,MALE PREGNANCY MOD?! - The Sims 4,2014-09-23T20:25:39Z,9592060,314895,66,PT6M45S,20,https://www.youtube.com/watch?v=PMfuAbpbE00
402,UC-lHJZR3Gqxm24_Vd_AJ5Yw,GWDSEFmLYpk,Is Your Child A Failure? - Paradigm,2014-09-16T17:12:37Z,9938596,219600,23,PT14M55S,20,https://www.youtube.com/watch?v=GWDSEFmLYpk
403,UC-lHJZR3Gqxm24_Vd_AJ5Yw,cSHWUe0A5QI,0,2014-09-13T19:30:01Z,0,0,0,0,0,https://www.youtube.com/watch?v=cSHWUe0A5QI
404,UC-lHJZR3Gqxm24_Vd_AJ5Yw,g-wdRroa4ms,0,2014-09-04T19:28:30Z,0,0,0,0,0,https://www.youtube.com/watch?v=g-wdRroa4ms
405,UC-lHJZR3Gqxm24_Vd_AJ5Yw,AJS6GmyoAsQ,0,2014-08-31T19:41:18Z,0,0,0,0,0,https://www.youtube.com/watch?v=AJS6GmyoAsQ
406,UC-lHJZR3Gqxm24_Vd_AJ5Yw,CSmn_x4x9tU,GOOD ENDING - Infamous: Second Son - Gameplay - Part 11,2014-08-21T19:00:03Z,4800867,215608,29787,PT22M58S,20,https://www.youtube.com/watch?v=CSmn_x4x9tU
407,UC-lHJZR3Gqxm24_Vd_AJ5Yw,9CCDwMqnOEE,HELP ME GET OUT OF THE TV! - Infamous: Second Son - Part 8 - Gameplay,2014-08-18T17:30:02Z,4590863,160803,8260,PT23M58S,20,https://www.youtube.com/watch?v=9CCDwMqnOEE
408,UC-lHJZR3Gqxm24_Vd_AJ5Yw,QHHceBFv4HI,PORTA POTTY SURPRISE!  - Infamous: Second Son - Part 7 - Gameplay,2014-08-17T13:32:20Z,4816734,159550,7468,PT23M11S,20,https://www.youtube.com/watch?v=QHHceBFv4HI
409,UC-lHJZR3Gqxm24_Vd_AJ5Yw,G7kaXPB7vko,OTTTD - GREATEST TOWER DEFENCE GAME OF ALL TIME!,2014-08-16T19:48:49Z,3676307,113789,5360,PT10M52S,20,https://www.youtube.com/watch?v=G7kaXPB7vko
410,UC-lHJZR3Gqxm24_Vd_AJ5Yw,tszleE5QnRs,I'M FREAKIN SANIC!  - Infamous: Second Son - Part 6 - Gameplay,2014-08-15T19:32:51Z,6225395,208137,18923,PT26M21S,20,https://www.youtube.com/watch?v=tszleE5QnRs
411,UC-lHJZR3Gqxm24_Vd_AJ5Yw,NRVgQ3xc6JI,PHOTO ALL THE PANTIES! - Infamous: Second Son - Part 5 - Gameplay,2014-08-14T19:05:05Z,5269066,238755,9627,PT19M52S,20,https://www.youtube.com/watch?v=NRVgQ3xc6JI
412,UC-lHJZR3Gqxm24_Vd_AJ5Yw,VEJY_MhOVks,MY AMAZING GRAFITTI! - Infamous: Second Son - Part 4 - Gameplay,2014-08-13T18:53:58Z,5282666,184237,10138,PT14M27S,20,https://www.youtube.com/watch?v=VEJY_MhOVks
413,UC-lHJZR3Gqxm24_Vd_AJ5Yw,3MULG0x8QJE,I'M SMOSES - Infamous: Second Son - Part 2,2014-08-11T19:08:00Z,6669624,248390,15585,PT23M17S,20,https://www.youtube.com/watch?v=3MULG0x8QJE
414,UC-lHJZR3Gqxm24_Vd_AJ5Yw,GEsLlFr0pYE,InFamous: Second Son - Gameplay - Part 1 - Walkthrough / Playthrough / Lets Play,2014-08-09T19:56:41Z,9822728,342372,29684,PT22M11S,20,https://www.youtube.com/watch?v=GEsLlFr0pYE
415,UC-lHJZR3Gqxm24_Vd_AJ5Yw,-QoszlJIDLE,FINALLY AN ADVENTURE TIME GAME!,2014-08-08T17:02:15Z,8286427,197565,9588,PT11M14S,20,https://www.youtube.com/watch?v=-QoszlJIDLE
416,UC-lHJZR3Gqxm24_Vd_AJ5Yw,rZYEEKOkTdw,CUTEST COUPLE ON YOUTUBE! - The Sims,2014-08-03T14:44:29Z,5478479,202477,10444,PT8M27S,20,https://www.youtube.com/watch?v=rZYEEKOkTdw
417,UC-lHJZR3Gqxm24_Vd_AJ5Yw,SgZ54OoEif0,BEER LLAMA BLUESCREEN.,2014-08-02T17:16:17Z,7013097,198450,11522,PT8M,20,https://www.youtube.com/watch?v=SgZ54OoEif0
418,UC-lHJZR3Gqxm24_Vd_AJ5Yw,UTXCu1VQDRw,CREATING MY GIRLFRIEND - The Sims,2014-07-29T15:55:18Z,7398595,236287,17031,PT8M31S,20,https://www.youtube.com/watch?v=UTXCu1VQDRw
419,UC-lHJZR3Gqxm24_Vd_AJ5Yw,14qSjwQEx9I,SURVIVING IN THE FOREST - Pewds Animated (By Coyotemation),2014-07-27T15:49:16Z,10670154,242576,6102,PT1M13S,20,https://www.youtube.com/watch?v=14qSjwQEx9I
420,UC-lHJZR3Gqxm24_Vd_AJ5Yw,aoVdPf4cnTw,#ZABIE IS REAL!? - Walking Dead: Season 2: Episode 4 - Part 3 - END,2014-07-25T19:02:48Z,6192993,177188,31804,PT34M34S,20,https://www.youtube.com/watch?v=aoVdPf4cnTw
421,UC-lHJZR3Gqxm24_Vd_AJ5Yw,mxEELaqdCg0,I'M DOING BRAIN SURGERY? The Evil Within - Gameplay - Part 3,2014-07-24T19:00:04Z,3146694,94494,4565,PT15M9S,20,https://www.youtube.com/watch?v=mxEELaqdCg0
422,UC-lHJZR3Gqxm24_Vd_AJ5Yw,7roOyZTupXg,GREATEST SLAP OF ALL TIME! - Walking Dead: Season 2: Episode 4 - Part 2,2014-07-24T17:00:02Z,6842474,177216,18543,PT30M57S,20,https://www.youtube.com/watch?v=7roOyZTupXg
423,UC-lHJZR3Gqxm24_Vd_AJ5Yw,NZpIxiWPjtk,The Evil Within - Gameplay - Part 1,2014-07-18T23:44:54Z,6375090,156405,4784,PT16M20S,20,https://www.youtube.com/watch?v=NZpIxiWPjtk
424,UC-lHJZR3Gqxm24_Vd_AJ5Yw,_D4tCC3MEPw,THIS ISN'T EVEN MY FINAL FORM - TWAU - Episode 5 - Part 1,2014-07-08T17:06:16Z,4502718,131099,9996,PT30M5S,20,https://www.youtube.com/watch?v=_D4tCC3MEPw
425,UC-lHJZR3Gqxm24_Vd_AJ5Yw,G702v4dTPyg,HUG THAT TEDDY! - Among The Sleep - Part 2,2014-06-10T19:46:04Z,4013165,132064,7,PT14M57S,20,https://www.youtube.com/watch?v=G702v4dTPyg
426,UC-lHJZR3Gqxm24_Vd_AJ5Yw,G6HvfaUO22s,BREAK INTO BAZILLION PIECES! - Next Car Game,2014-06-05T18:33:58Z,6471679,170803,7462,PT7M15S,20,https://www.youtube.com/watch?v=G6HvfaUO22s
427,UC-lHJZR3Gqxm24_Vd_AJ5Yw,rYrSw9KcspM,SEAGULL HORROR! - The Forest - Part 2,2014-06-01T20:30:39Z,5666747,169968,11314,PT8M24S,20,https://www.youtube.com/watch?v=rYrSw9KcspM
428,UC-lHJZR3Gqxm24_Vd_AJ5Yw,4v777SLrT-s,CLASSY GOAT! - Goat Simulator,2014-05-31T20:07:57Z,5707450,205854,8514,PT8M16S,20,https://www.youtube.com/watch?v=4v777SLrT-s
429,UC-lHJZR3Gqxm24_Vd_AJ5Yw,Q78C8mlDtx4,WE FINALLY SEE THE CROOKED MAN! - Wolf Among Us - Episode 4 - Part 3 (END),2014-05-29T20:00:03Z,3326497,95550,7024,PT31M55S,20,https://www.youtube.com/watch?v=Q78C8mlDtx4
430,UC-lHJZR3Gqxm24_Vd_AJ5Yw,9k_CLHkhBW0,BOOBSBOOBSBOOBSBOOBSBOOBSBOOBSBOOBSBOOBSBOOBSBOOBSBOOBS - Uncraft Me,2014-05-28T20:49:00Z,12099985,181136,10388,PT10M24S,20,https://www.youtube.com/watch?v=9k_CLHkhBW0
431,UC-lHJZR3Gqxm24_Vd_AJ5Yw,fdINWZp2_2c,Watch Dogs: Gameplay / Walkthrough / Playthrough  - Part 1 - WHERE ARE ALL THE DOGS?!,2014-05-27T19:17:03Z,8395874,269279,38238,PT24M,20,https://www.youtube.com/watch?v=fdINWZp2_2c
432,UC-lHJZR3Gqxm24_Vd_AJ5Yw,_Hf13K3UW1I,The Impossible Game? (Geometry Dash),2014-05-22T18:30:00Z,10248805,329805,24710,PT7M36S,20,https://www.youtube.com/watch?v=_Hf13K3UW1I
433,UC-lHJZR3Gqxm24_Vd_AJ5Yw,yQlLKNtrFhM,"TOILET JUMPSCARE, BEST SCARE - The Cursed Forest #2",2014-05-21T18:30:01Z,3469267,126631,10052,PT13M42S,20,https://www.youtube.com/watch?v=yQlLKNtrFhM
434,UC-lHJZR3Gqxm24_Vd_AJ5Yw,GH_NzA_aM4Y,SLENDYTUBBIES 2,2014-05-17T19:30:00Z,7009471,129137,7471,PT15M11S,20,https://www.youtube.com/watch?v=GH_NzA_aM4Y
435,UC-lHJZR3Gqxm24_Vd_AJ5Yw,nJfIJWSY9EM,HOLY MOTHER OF GOD! - DreadOut - Part 3 - Final (END),2014-05-16T21:25:27Z,5060808,140588,12365,PT19M50S,20,https://www.youtube.com/watch?v=nJfIJWSY9EM
436,UC-lHJZR3Gqxm24_Vd_AJ5Yw,lXBbv1_i_QA,A BLOODY ENDING! - The Walking Dead Season Two - Episode 3 - Part 4 Final Ending,2014-05-16T17:55:10Z,7325135,163449,18159,PT23M4S,20,https://www.youtube.com/watch?v=lXBbv1_i_QA
437,UC-lHJZR3Gqxm24_Vd_AJ5Yw,YeumUzxF9bM,SYMPATHIZING WITH A KILLER? - The Walking Dead Season Two - Episode 3 - Part 2,2014-05-14T19:11:04Z,4860719,138569,12106,PT20M30S,20,https://www.youtube.com/watch?v=YeumUzxF9bM
438,UC-lHJZR3Gqxm24_Vd_AJ5Yw,42uJFwVKITQ,SELFIE HORROR! - DreadOut - Part 1 - Act 1,2014-05-14T17:46:59Z,6580880,191383,19235,PT15M55S,20,https://www.youtube.com/watch?v=42uJFwVKITQ
439,UC-lHJZR3Gqxm24_Vd_AJ5Yw,Z8XIrwYFKU4,I'M GETTING A SEXCHANGE!? - Outlast DLC: Part 7 (Whistleblower),2014-05-12T19:30:00Z,7457470,163697,17581,PT14M51S,20,https://www.youtube.com/watch?v=Z8XIrwYFKU4
440,UC-lHJZR3Gqxm24_Vd_AJ5Yw,UVuTlgnWLSs,CAN YOU BLOW MY WHISTLE BABY? Outlast DLC: Part 1 - Whistleblower,2014-05-06T17:50:19Z,9463341,237265,12382,PT14M38S,20,https://www.youtube.com/watch?v=UVuTlgnWLSs
441,UC-lHJZR3Gqxm24_Vd_AJ5Yw,LJnMu33waxw,HARDEST BOSS EVER??  Dark Souls 2 - Part 6,2014-05-04T22:12:14Z,7133774,240359,9972,PT8M21S,20,https://www.youtube.com/watch?v=LJnMu33waxw
442,UC-lHJZR3Gqxm24_Vd_AJ5Yw,w7VAR_6jW2A,WHERE IS YOUR HEAD? - Dark Souls 2 - Part 5,2014-04-22T23:14:39Z,4989579,151406,6390,PT8M38S,20,https://www.youtube.com/watch?v=w7VAR_6jW2A
443,UC-lHJZR3Gqxm24_Vd_AJ5Yw,dNzicGeWvjE,BROFORCE #2,2014-04-20T03:15:22Z,3848021,86314,6689,PT25M15S,20,https://www.youtube.com/watch?v=dNzicGeWvjE
444,UC-lHJZR3Gqxm24_Vd_AJ5Yw,koj36UnQvHc,INSANE ENDING!!! - The Wolf Among Us - Part 4 - Episode 3,2014-04-11T20:03:27Z,3720106,100090,10318,PT19M48S,20,https://www.youtube.com/watch?v=koj36UnQvHc
445,UC-lHJZR3Gqxm24_Vd_AJ5Yw,xQzBs3UTzMA,A CROOKED MILE - The Wolf Among Us - Part 1 - Episode 3,2014-04-08T17:35:19Z,3618658,172646,6966,PT21M36S,20,https://www.youtube.com/watch?v=xQzBs3UTzMA
446,UC-lHJZR3Gqxm24_Vd_AJ5Yw,aCPSw0srSsA,Demon Simulator - DEMON GOAT,2014-04-02T16:30:01Z,8843628,253001,11203,PT11M48S,20,https://www.youtube.com/watch?v=aCPSw0srSsA
447,UC-lHJZR3Gqxm24_Vd_AJ5Yw,OCc6BN9XLVw,THE HASSELHOFF NOSE JOB -  South Park: The Stick of Truth - Part 17,2014-03-23T15:00:03Z,5251654,133876,7231,PT17M36S,20,https://www.youtube.com/watch?v=OCc6BN9XLVw
448,UC-lHJZR3Gqxm24_Vd_AJ5Yw,u33dwH42FVc,IT BEGINS! - Dark Souls II - Gameplay - Part 1 (Tears Edition),2014-03-22T14:51:48Z,7617386,222747,15393,PT13M19S,20,https://www.youtube.com/watch?v=u33dwH42FVc
449,UC-lHJZR3Gqxm24_Vd_AJ5Yw,pJmmlH9ghgY,MAN-BEAR-PIG IS REAL! - South Park: The Stick of Truth - Part 16,2014-03-16T23:08:52Z,7254046,147242,21843,PT8M59S,20,https://www.youtube.com/watch?v=pJmmlH9ghgY
450,UC-lHJZR3Gqxm24_Vd_AJ5Yw,wLP_E7xFE2U,THE CHRISTMAS POOP - South Park: The Stick of Truth - Part 15,2014-03-16T03:09:23Z,7145977,127538,6401,PT17M2S,20,https://www.youtube.com/watch?v=wLP_E7xFE2U
451,UC-lHJZR3Gqxm24_Vd_AJ5Yw,dtkTnxMtTus,ABORTION INSIDE GAY MANS BUTTHOLE - South Park: The Stick of Truth - Part 13,2014-03-13T14:48:05Z,10276152,157882,7238,PT23M16S,20,https://www.youtube.com/watch?v=dtkTnxMtTus
452,UC-lHJZR3Gqxm24_Vd_AJ5Yw,0shGkcnKAnI,THE FARTRIX - South Park: The Stick of Truth - Part 12,2014-03-11T17:00:04Z,9082949,200856,10318,PT24M4S,20,https://www.youtube.com/watch?v=0shGkcnKAnI
453,UC-lHJZR3Gqxm24_Vd_AJ5Yw,pKtNThEPWM4,CANADA IS ACTUALLY AN RPG?!.. - South Park: The Stick of Truth - Part 11,2014-03-10T19:04:24Z,9484054,177750,12674,PT21M13S,20,https://www.youtube.com/watch?v=pKtNThEPWM4
454,UC-lHJZR3Gqxm24_Vd_AJ5Yw,isUar327y3o,ABORTION... ON A MAN? - South Park: The Sick of Truth - Part 10 | PewDiePie,2014-03-09T20:27:58Z,20488390,236878,15028,PT20M20S,20,https://www.youtube.com/watch?v=isUar327y3o
455,UC-lHJZR3Gqxm24_Vd_AJ5Yw,167fauhjzPg,MOST F#%KED UP PART! - South Park: The Stick of Truth - Part 9,2014-03-08T13:23:57Z,9832296,162528,13043,PT19M57S,20,https://www.youtube.com/watch?v=167fauhjzPg
456,UC-lHJZR3Gqxm24_Vd_AJ5Yw,GSvHRhz3QhU,A FAMILIAR FACE RETURNS? - Walking Dead - Season 2 - Episode 2 - Part 3,2014-03-06T23:32:47Z,6439372,167571,23794,PT18M4S,20,https://www.youtube.com/watch?v=GSvHRhz3QhU
457,UC-lHJZR3Gqxm24_Vd_AJ5Yw,1BmELlWQdEE,NAZI ZOMBIES! - South Park. Stick of Truth - Part 7,2014-03-06T14:38:30Z,10072543,189787,8890,PT21M47S,20,https://www.youtube.com/watch?v=1BmELlWQdEE
458,UC-lHJZR3Gqxm24_Vd_AJ5Yw,dsXhuOwPTTc,WHAT IS WRONG WITH YOU?! - The Walking Dead - Season 2 - Episode 2 - Part 2,2014-03-06T03:49:26Z,6134908,135424,10510,PT20M57S,20,https://www.youtube.com/watch?v=dsXhuOwPTTc
459,UC-lHJZR3Gqxm24_Vd_AJ5Yw,sf9gdjBU_Z8,SHES BACK! - The Walking Dead: Season 2 - Episode 2 - Part 1 - Gameplay / Walkthrough / Playthrough,2014-03-04T20:22:08Z,7114176,180964,12318,PT20M42S,20,https://www.youtube.com/watch?v=sf9gdjBU_Z8
460,UC-lHJZR3Gqxm24_Vd_AJ5Yw,qfTOTsCzMBQ,NICE PAIR OF DOUBLE D'S! - South Park: The Stick of Truth - Part 5,2014-03-04T15:09:24Z,9503998,216302,6439,PT20M6S,20,https://www.youtube.com/watch?v=qfTOTsCzMBQ
461,UC-lHJZR3Gqxm24_Vd_AJ5Yw,guXVq6LOEsY,GREATEST ATTACK IN VIDEO GAME HISTORY - South Park: Stick of Truth - Part 4,2014-02-27T02:03:37Z,12580945,205666,11027,PT14M12S,20,https://www.youtube.com/watch?v=guXVq6LOEsY
462,UC-lHJZR3Gqxm24_Vd_AJ5Yw,Vnyl15PqsYM,FART RO DAH! - South Park: The Stick of Truth - Part 3,2014-02-24T20:46:40Z,9877634,217756,9554,PT13M16S,20,https://www.youtube.com/watch?v=Vnyl15PqsYM
463,UC-lHJZR3Gqxm24_Vd_AJ5Yw,NSy3cTqKJuc,TWEEK BROS! - South Park: The Stick of Truth - Part 2 - Gameplay,2014-02-22T22:48:31Z,11671707,296162,13078,PT20M42S,20,https://www.youtube.com/watch?v=NSy3cTqKJuc
464,UC-lHJZR3Gqxm24_Vd_AJ5Yw,9TyU2gIRgtI,DO YOU EVEN ARCHER BRO?! - Probably Archery,2014-02-17T22:58:26Z,7024346,190701,11195,PT9M51S,20,https://www.youtube.com/watch?v=9TyU2gIRgtI
465,UC-lHJZR3Gqxm24_Vd_AJ5Yw,_5Vj_gFJTuQ,The Last of Us: Left Behind - Part 1 (Full) DLC - Gameplay Walkthrough Playthrough Let's Play,2014-02-14T15:53:28Z,6516493,241496,12817,PT29M41S,20,https://www.youtube.com/watch?v=_5Vj_gFJTuQ
466,UC-lHJZR3Gqxm24_Vd_AJ5Yw,W3QPBZvYxeg,A WONDERFUL VACATION! - (Jazzpunk) #3,2014-02-09T20:00:01Z,4990241,139084,9206,PT12M51S,20,https://www.youtube.com/watch?v=W3QPBZvYxeg
467,UC-lHJZR3Gqxm24_Vd_AJ5Yw,qZR2wFnlR08,IT'S ALL ABOUT THE JAZZ MAN! (Jazzpunk),2014-02-07T18:59:19Z,5783456,186485,8009,PT10M29S,20,https://www.youtube.com/watch?v=qZR2wFnlR08
468,UC-lHJZR3Gqxm24_Vd_AJ5Yw,xJzA-BrP2rg,FIGHTING FINALE - The Wolf Among Us - Part 4,2014-02-07T17:00:04Z,3260751,99410,9934,PT21M9S,20,https://www.youtube.com/watch?v=xJzA-BrP2rg
469,UC-lHJZR3Gqxm24_Vd_AJ5Yw,QsS-fbP2l7k,SHARK VS OCTOPUS! - Octodad - ENDING! - Part 7,2014-02-04T02:24:13Z,7265667,147866,10414,PT12M34S,20,https://www.youtube.com/watch?v=QsS-fbP2l7k
470,UC-lHJZR3Gqxm24_Vd_AJ5Yw,ehlDaAcwvTY,Octodad - SECRET OCTOPUS?! - Part 3,2014-01-30T18:08:50Z,4711513,206488,8555,PT12M16S,20,https://www.youtube.com/watch?v=ehlDaAcwvTY
471,UC-lHJZR3Gqxm24_Vd_AJ5Yw,lQz6xhlOt18,FLAPPY BIRD - DONT PLAY THIS GAME!,2014-01-28T00:53:04Z,37687664,941717,78560,PT9M46S,20,https://www.youtube.com/watch?v=lQz6xhlOt18
472,UC-lHJZR3Gqxm24_Vd_AJ5Yw,vQ9Mi--YcmA,SENPAI NOTICED ME! - GTA 5 - Part 2,2014-01-24T22:49:37Z,13409970,340772,35590,PT8M19S,20,https://www.youtube.com/watch?v=vQ9Mi--YcmA
473,UC-lHJZR3Gqxm24_Vd_AJ5Yw,k8G_sdtTbiE,SEXIEST ARMOUR EVER! - Dark Souls - Part 12,2014-01-12T20:12:42Z,6281294,140671,7430,PT10M46S,20,https://www.youtube.com/watch?v=k8G_sdtTbiE
474,UC-lHJZR3Gqxm24_Vd_AJ5Yw,esVdcPv1g6E,TERRIFYING MONSTERS! - Dark Souls - Part 11,2014-01-06T07:01:21Z,4952338,144614,7958,PT11M22S,20,https://www.youtube.com/watch?v=esVdcPv1g6E
475,UC-lHJZR3Gqxm24_Vd_AJ5Yw,H54GlASBJAs,ORNSTEIN AND SMOUGH - Dark Souls - Part 10,2013-12-26T22:45:57Z,6316108,165688,11150,PT6M44S,20,https://www.youtube.com/watch?v=H54GlASBJAs
476,UC-lHJZR3Gqxm24_Vd_AJ5Yw,YVhDbYt_awA,BADASS CLEMENTINE! - The Walking Dead: Season 2 - Part 3 - Gameplay / Walkthrough,2013-12-18T21:00:01Z,7561174,192485,20886,PT25M1S,20,https://www.youtube.com/watch?v=YVhDbYt_awA
477,UC-lHJZR3Gqxm24_Vd_AJ5Yw,Tilvxc1LPrM,The Walking Dead: Season 2 Gameplay - Part 1 - Playthrough - CLEMENTINE IS BACK!,2013-12-17T23:34:38Z,12926200,250362,21427,PT20M4S,20,https://www.youtube.com/watch?v=Tilvxc1LPrM
478,UC-lHJZR3Gqxm24_Vd_AJ5Yw,5YoIIfODkX4,F@#%K WRECKING BALLS! - Dark Souls - Part 9,2013-12-16T07:51:47Z,4956810,140223,7919,PT13M53S,20,https://www.youtube.com/watch?v=5YoIIfODkX4
479,UC-lHJZR3Gqxm24_Vd_AJ5Yw,XCPhOg5zSGs,THE HOTTEST BOSS? - Dark Souls - Part 8,2013-12-10T20:00:01Z,8545275,175484,9791,PT10M6S,20,https://www.youtube.com/watch?v=XCPhOg5zSGs
480,UC-lHJZR3Gqxm24_Vd_AJ5Yw,f3CvL7vPKG8,SCARIEST MONSTER EVER! - Dark Souls - Part 6,2013-12-02T23:01:21Z,4711301,128057,6380,PT5M4S,20,https://www.youtube.com/watch?v=f3CvL7vPKG8
481,UC-lHJZR3Gqxm24_Vd_AJ5Yw,MouwCIDUPlg,I CHEATED! - Dark Souls - Part 4,2013-11-30T04:19:32Z,5085229,151034,6944,PT11M41S,20,https://www.youtube.com/watch?v=MouwCIDUPlg
482,UC-lHJZR3Gqxm24_Vd_AJ5Yw,L1VCOp5eplE,SCARIER THAN AMNESIA!  - Dark Souls - Part 3,2013-11-29T03:15:09Z,4830841,156207,8612,PT10M5S,20,https://www.youtube.com/watch?v=L1VCOp5eplE
483,UC-lHJZR3Gqxm24_Vd_AJ5Yw,mY3D915j0iM,TURBO DISMOUNT! - Part 1,2013-11-27T01:34:43Z,7503139,154032,8125,PT7M50S,20,https://www.youtube.com/watch?v=mY3D915j0iM
484,UC-lHJZR3Gqxm24_Vd_AJ5Yw,z-3xIw730pg,WORLDS MOST OFFENSIVE GAME? - (Fridays With PewDiePie - Part 73),2013-11-24T01:46:35Z,42320266,874761,60549,PT8M11S,24,https://www.youtube.com/watch?v=z-3xIw730pg
485,UC-lHJZR3Gqxm24_Vd_AJ5Yw,MjW9SStz2cs,GREATEST STORY EVER TOLD - Overcast: Walden and the Werewolf,2013-11-12T23:34:56Z,2012663,73715,8,PT14M43S,20,https://www.youtube.com/watch?v=MjW9SStz2cs
486,UC-lHJZR3Gqxm24_Vd_AJ5Yw,qbcbB7Pp5Io,WHAT'S IT LIKE BEING A CHICKEN? (Oculus Rift),2013-11-08T01:40:17Z,5851998,142819,10072,PT11M10S,20,https://www.youtube.com/watch?v=qbcbB7Pp5Io
487,UC-lHJZR3Gqxm24_Vd_AJ5Yw,Vaqb4hMBdfM,"ENDING... - Beyond: Two Souls - Gameplay, Walkthrough - Part 17 - Final",2013-10-24T21:00:01Z,3353847,147234,42234,PT17M15S,20,https://www.youtube.com/watch?v=Vaqb4hMBdfM
488,UC-lHJZR3Gqxm24_Vd_AJ5Yw,jz4xXvfty6s,MY WIFE IS AWESOME! - The Stanley Parable - #3,2013-10-24T18:00:02Z,5194143,122008,16124,PT13M32S,20,https://www.youtube.com/watch?v=jz4xXvfty6s
489,UC-lHJZR3Gqxm24_Vd_AJ5Yw,QcmrD0cTthc,"DAT TWIST THOU... - Beyond: Two Souls - Gameplay, Walkthrough - Part 16",2013-10-23T21:25:51Z,3117742,119542,29573,PT28M7S,20,https://www.youtube.com/watch?v=QcmrD0cTthc
490,UC-lHJZR3Gqxm24_Vd_AJ5Yw,XWMAXwLF8pU,"OUR FINAL MISSION! - Beyond: Two Souls - Gameplay, Walkthrough - Part 13",2013-10-20T19:46:04Z,3814252,127451,22180,PT25M35S,20,https://www.youtube.com/watch?v=XWMAXwLF8pU
491,UC-lHJZR3Gqxm24_Vd_AJ5Yw,cISWxaayz6A,GAMECEPTION! - The Stanley Parable - #2,2013-10-20T16:21:50Z,2921629,104473,13649,PT19M5S,20,https://www.youtube.com/watch?v=cISWxaayz6A
492,UC-lHJZR3Gqxm24_Vd_AJ5Yw,XQJhbhC05EE,"MANLY TEARS! - Beyond: Two Souls - Gameplay, Walkthrough - Part 12",2013-10-19T18:30:01Z,4094869,119798,23279,PT26M41S,20,https://www.youtube.com/watch?v=XQJhbhC05EE
493,UC-lHJZR3Gqxm24_Vd_AJ5Yw,dFbAnPBB690,"WORST DATE EVER! - Beyond: Two Souls - Gameplay, Walkthrough - Part 10",2013-10-17T18:00:03Z,4811398,125774,23771,PT34M55S,20,https://www.youtube.com/watch?v=dFbAnPBB690
494,UC-lHJZR3Gqxm24_Vd_AJ5Yw,kJY95LPjzlo,"DONT MESS WITH INDIANS! - Beyond: Two Souls - Gameplay, Walkthrough - Part 9",2013-10-16T18:30:01Z,4068833,142815,29736,PT35M12S,20,https://www.youtube.com/watch?v=kJY95LPjzlo
495,UC-lHJZR3Gqxm24_Vd_AJ5Yw,wnCWpPtL0Jo,"WTF ENDING! -  The Wolf Among Us - Gameplay, Playthrough - Part 6 - Final",2013-10-16T16:00:04Z,2595092,80777,12667,PT7M14S,20,https://www.youtube.com/watch?v=wnCWpPtL0Jo
496,UC-lHJZR3Gqxm24_Vd_AJ5Yw,kSb2rmREiQ4,"LIFE AT THE FARM - Beyond: Two Souls - Gameplay, Walkthrough - Part 8",2013-10-15T18:30:00Z,4231815,134926,23070,PT41M9S,20,https://www.youtube.com/watch?v=kSb2rmREiQ4
497,UC-lHJZR3Gqxm24_Vd_AJ5Yw,P3UQMqojJrg,"MY ARM! - The Wolf Among Us - Gameplay, Playthrough - Part 5",2013-10-15T16:00:04Z,3115069,74464,65406,PT27M16S,20,https://www.youtube.com/watch?v=P3UQMqojJrg
498,UC-lHJZR3Gqxm24_Vd_AJ5Yw,AxoDPIFJYcE,"MY NEW LOOK! - Beyond: Two Souls - Gameplay, Walkthrough - Part 7",2013-10-14T18:30:01Z,4968520,153940,23577,PT37M17S,20,https://www.youtube.com/watch?v=AxoDPIFJYcE
499,UC-lHJZR3Gqxm24_Vd_AJ5Yw,fLRCCDWKknA,"DETECTIVE PEWDS IN ACTION! - The Wolf Among Us - Gameplay, Playthrough - Part 4",2013-10-14T16:00:04Z,2885786,79798,8560,PT21M6S,20,https://www.youtube.com/watch?v=fLRCCDWKknA
500,UC-lHJZR3Gqxm24_Vd_AJ5Yw,kJY95LPjzlo,"DONT MESS WITH INDIANS! - Beyond: Two Souls - Gameplay, Walkthrough - Part 9",2013-10-16T18:30:01Z,4068833,142815,29736,PT35M12S,20,https://www.youtube.com/watch?v=kJY95LPjzlo
501,UC-lHJZR3Gqxm24_Vd_AJ5Yw,wnCWpPtL0Jo,"WTF ENDING! -  The Wolf Among Us - Gameplay, Playthrough - Part 6 - Final",2013-10-16T16:00:04Z,2595092,80777,12667,PT7M14S,20,https://www.youtube.com/watch?v=wnCWpPtL0Jo
502,UC-lHJZR3Gqxm24_Vd_AJ5Yw,kSb2rmREiQ4,"LIFE AT THE FARM - Beyond: Two Souls - Gameplay, Walkthrough - Part 8",2013-10-15T18:30:00Z,4231815,134926,23070,PT41M9S,20,https://www.youtube.com/watch?v=kSb2rmREiQ4
